<DATE>,<TIME>,<OPEN>,<HIGH>,<LOW>,<CLOSE>,<TICKVOL>,<VOL>,<SPREAD>
2020.12.10,1:00:00,1838.507,1839.66,1838.507,1839.11,61,0,340
2020.12.10,1:01:00,1839.15,1839.29,1838.57,1838.71,66,0,440
2020.12.10,1:02:00,1838.72,1839.09,1838.63,1839.06,34,0,290
2020.12.10,1:03:00,1839.02,1839.02,1838.56,1838.65,52,0,380
2020.12.10,1:04:00,1838.6,1838.68,1838.45,1838.5,26,0,410
2020.12.10,1:05:00,1838.49,1839.379,1838.18,1838.21,52,0,360
2020.12.10,1:06:00,1838.19,1838.46,1838.17,1838.29,35,0,380
2020.12.10,1:07:00,1838.3,1838.52,1838.28,1838.29,21,0,290
2020.12.10,1:08:00,1838.29,1838.29,1837.46,1837.47,40,0,230
2020.12.10,1:09:00,1837.46,1837.51,1837.44,1837.49,13,0,330
2020.12.10,1:10:00,1837.52,1837.67,1837.31,1837.4,35,0,260
2020.12.10,1:11:00,1837.4,1837.52,1837.36,1837.49,20,0,330
2020.12.10,1:12:00,1837.49,1837.56,1837.49,1837.56,5,0,310
2020.12.10,1:13:00,1837.58,1837.86,1836.87,1836.9,41,0,180
2020.12.10,1:14:00,1836.9,1836.98,1835.99,1835.99,58,0,220
2020.12.10,1:15:00,1836,1836.46,1835.96,1836.32,58,0,300
2020.12.10,1:16:00,1836.31,1836.46,1836.2,1836.27,47,0,290
2020.12.10,1:17:00,1836.27,1836.39,1836.23,1836.36,33,0,220
2020.12.10,1:18:00,1836.36,1836.61,1835.98,1836.1,60,0,170
2020.12.10,1:19:00,1836.1,1836.31,1835.96,1835.98,54,0,270
2020.12.10,1:20:00,1835.97,1836.12,1835.63,1836.07,70,0,170
2020.12.10,1:21:00,1836.05,1836.11,1835.65,1835.77,62,0,140
2020.12.10,1:22:00,1835.75,1835.84,1835.48,1835.62,42,0,270
2020.12.10,1:23:00,1835.62,1836.07,1835.6,1835.98,31,0,190
2020.12.10,1:24:00,1835.98,1836.04,1835.79,1835.83,42,0,240
2020.12.10,1:25:00,1835.81,1835.89,1835.46,1835.53,39,0,290
2020.12.10,1:26:00,1835.52,1835.59,1835.44,1835.5,28,0,260
2020.12.10,1:27:00,1835.5,1835.57,1835.43,1835.55,34,0,300
2020.12.10,1:28:00,1835.55,1835.73,1835.53,1835.64,51,0,220
2020.12.10,1:29:00,1835.66,1835.86,1835.59,1835.83,40,0,250
2020.12.10,1:30:00,1835.83,1836.64,1835.83,1836.56,64,0,270
2020.12.10,1:31:00,1836.66,1837.08,1836.66,1836.86,89,0,163
2020.12.10,1:32:00,1836.92,1837.09,1836.78,1836.81,60,0,260
2020.12.10,1:33:00,1836.81,1836.92,1836.26,1836.26,53,0,210
2020.12.10,1:34:00,1836.26,1836.45,1836.16,1836.44,39,0,290
2020.12.10,1:35:00,1836.44,1836.56,1836,1836.01,78,0,250
2020.12.10,1:36:00,1836.03,1836.04,1835.66,1835.66,74,0,160
2020.12.10,1:37:00,1835.67,1836,1835.66,1836,66,0,150
2020.12.10,1:38:00,1835.99,1836.16,1835.8,1835.88,53,0,190
2020.12.10,1:39:00,1835.86,1836.09,1835.85,1835.89,44,0,230
2020.12.10,1:40:00,1835.89,1836.21,1835.89,1836.09,36,0,210
2020.12.10,1:41:00,1836.07,1836.12,1835.94,1835.96,28,0,270
2020.12.10,1:42:00,1835.95,1835.95,1834.99,1835.01,97,0,180
2020.12.10,1:43:00,1835.01,1835.29,1834.99,1835.14,40,0,180
2020.12.10,1:44:00,1835.15,1835.39,1834.99,1835.39,26,0,200
2020.12.10,1:45:00,1835.39,1835.59,1835,1835.09,54,0,210
2020.12.10,1:46:00,1835.08,1835.19,1834.74,1834.93,79,0,140
2020.12.10,1:47:00,1834.93,1835.15,1834.89,1834.9,42,0,260
2020.12.10,1:48:00,1834.9,1835.08,1834.9,1834.99,30,0,260
2020.12.10,1:49:00,1834.99,1834.99,1834.71,1834.73,36,0,260
2020.12.10,1:50:00,1834.74,1834.89,1834.5,1834.51,38,0,280
2020.12.10,1:51:00,1834.51,1834.8,1834.49,1834.62,61,0,260
2020.12.10,1:52:00,1834.63,1834.77,1834.61,1834.77,31,0,260
2020.12.10,1:53:00,1834.767,1835.1,1834.767,1834.82,33,0,210
2020.12.10,1:54:00,1834.85,1834.96,1834.8,1834.88,35,0,270
2020.12.10,1:55:00,1834.88,1835.21,1834.84,1835.14,37,0,140
2020.12.10,1:56:00,1835.14,1835.14,1834.91,1834.94,55,0,240
2020.12.10,1:57:00,1834.94,1835.09,1833.78,1833.977,68,0,140
2020.12.10,1:58:00,1833.977,1834.22,1833.65,1833.67,68,0,150
2020.12.10,1:59:00,1833.69,1834.66,1833.68,1834.33,88,0,210
2020.12.10,2:00:00,1834.37,1835.82,1834.19,1834.96,133,0,140
2020.12.10,2:01:00,1834.95,1835.13,1834.76,1834.79,68,0,180
2020.12.10,2:02:00,1834.77,1835.36,1834.77,1835.36,69,0,210
2020.12.10,2:03:00,1835.36,1836.05,1835.31,1835.72,106,0,170
2020.12.10,2:04:00,1835.72,1836.11,1835.72,1835.9,59,0,250
2020.12.10,2:05:00,1835.91,1836.31,1835.91,1836.11,80,0,150
2020.12.10,2:06:00,1836.1,1836.82,1836.1,1836.27,95,0,140
2020.12.10,2:07:00,1836.27,1836.39,1836.01,1836.09,61,0,150
2020.12.10,2:08:00,1836.09,1836.24,1835.98,1836.13,43,0,250
2020.12.10,2:09:00,1836.13,1836.7,1836.13,1836.65,80,0,210
2020.12.10,2:10:00,1836.66,1837.4,1836.58,1837.38,109,0,180
2020.12.10,2:11:00,1837.38,1838.25,1837.38,1837.9,122,0,150
2020.12.10,2:12:00,1837.9,1838.18,1837.568,1838.1,117,0,180
2020.12.10,2:13:00,1838.09,1838.09,1837.35,1837.35,99,0,170
2020.12.10,2:14:00,1837.35,1837.37,1836.81,1836.81,74,0,180
2020.12.10,2:15:00,1836.81,1836.99,1836.55,1836.55,69,0,200
2020.12.10,2:16:00,1836.57,1836.63,1836.24,1836.37,63,0,150
2020.12.10,2:17:00,1836.37,1836.54,1836.2,1836.2,81,0,180
2020.12.10,2:18:00,1836.24,1836.49,1835.96,1836.06,79,0,170
2020.12.10,2:19:00,1836.05,1836.11,1835.36,1835.59,79,0,140
2020.12.10,2:20:00,1835.59,1835.89,1834.65,1834.72,123,0,140
2020.12.10,2:21:00,1834.67,1835.11,1834.57,1835.02,128,0,190
2020.12.10,2:22:00,1835.01,1835.06,1834.56,1834.86,94,0,220
2020.12.10,2:23:00,1834.86,1835.59,1834.72,1834.89,112,0,200
2020.12.10,2:24:00,1834.87,1835.52,1834.87,1835.46,84,0,190
2020.12.10,2:25:00,1835.46,1835.62,1835.19,1835.61,66,0,150
2020.12.10,2:26:00,1835.61,1835.61,1835.02,1835.22,69,0,220
2020.12.10,2:27:00,1835.22,1835.6,1835.21,1835.5,68,0,220
2020.12.10,2:28:00,1835.41,1835.65,1835.21,1835.36,66,0,170
2020.12.10,2:29:00,1835.37,1835.56,1835.36,1835.43,52,0,250
2020.12.10,2:30:00,1835.44,1835.65,1835.17,1835.19,60,0,260
2020.12.10,2:31:00,1835.18,1835.96,1834.54,1835.79,97,0,200
2020.12.10,2:32:00,1835.8,1836.19,1835.71,1835.86,68,0,170
2020.12.10,2:33:00,1835.86,1836.497,1835.81,1836.47,64,0,240
2020.12.10,2:34:00,1836.47,1836.87,1836.41,1836.87,71,0,190
2020.12.10,2:35:00,1836.87,1836.88,1836.57,1836.68,56,0,170
2020.12.10,2:36:00,1836.66,1836.81,1836.36,1836.81,58,0,150
2020.12.10,2:37:00,1836.82,1836.95,1836.55,1836.75,49,0,250
2020.12.10,2:38:00,1836.75,1837.02,1836.53,1836.53,41,0,180
2020.12.10,2:39:00,1836.51,1836.57,1836.22,1836.5,49,0,150
2020.12.10,2:40:00,1836.53,1836.59,1836.38,1836.57,28,0,220
2020.12.10,2:41:00,1836.57,1836.65,1836.29,1836.38,26,0,210
2020.12.10,2:42:00,1836.38,1836.59,1836.28,1836.53,27,0,190
2020.12.10,2:43:00,1836.53,1836.53,1836.17,1836.47,28,0,150
2020.12.10,2:44:00,1836.49,1836.79,1836.31,1836.61,42,0,190
2020.12.10,2:45:00,1836.61,1836.66,1836.21,1836.22,18,0,220
2020.12.10,2:46:00,1836.17,1836.44,1836.15,1836.18,57,0,180
2020.12.10,2:47:00,1836.19,1836.41,1836.15,1836.15,38,0,230
2020.12.10,2:48:00,1836.15,1836.35,1836.09,1836.27,38,0,180
2020.12.10,2:49:00,1836.27,1836.27,1835.96,1836.15,39,0,220
2020.12.10,2:50:00,1836.15,1836.2,1836.02,1836.09,43,0,210
2020.12.10,2:51:00,1836.09,1836.09,1835.92,1836.04,47,0,220
2020.12.10,2:52:00,1836.04,1836.15,1835.97,1836.05,54,0,250
2020.12.10,2:53:00,1836.05,1836.52,1836.05,1836.46,65,0,230
2020.12.10,2:54:00,1836.44,1836.53,1836.23,1836.28,63,0,220
2020.12.10,2:55:00,1836.29,1836.58,1836.15,1836.29,65,0,230
2020.12.10,2:56:00,1836.28,1836.3,1835.42,1835.54,72,0,150
2020.12.10,2:57:00,1835.6,1836.09,1835.53,1836.01,35,0,220
2020.12.10,2:58:00,1836.01,1836.11,1835.75,1835.78,46,0,250
2020.12.10,2:59:00,1835.78,1835.92,1835.59,1835.76,58,0,210
2020.12.10,3:00:00,1835.76,1837.76,1834.7,1837.15,252,0,140
2020.12.10,3:01:00,1837.21,1837.22,1836.55,1836.55,165,0,210
2020.12.10,3:02:00,1836.6,1836.6,1836.03,1836.25,137,0,230
2020.12.10,3:03:00,1836.26,1837.18,1836.2,1837.15,135,0,160
2020.12.10,3:04:00,1837.15,1837.15,1836.27,1836.42,86,0,260
2020.12.10,3:05:00,1836.4,1836.54,1835.89,1835.89,86,0,170
2020.12.10,3:06:00,1835.88,1835.91,1834.31,1835.22,199,0,140
2020.12.10,3:07:00,1835.22,1835.5,1834.87,1835.07,97,0,190
2020.12.10,3:08:00,1835.07,1835.41,1834.42,1835.09,106,0,150
2020.12.10,3:09:00,1835.09,1835.46,1834.99,1835.04,66,0,150
2020.12.10,3:10:00,1835.04,1835.3,1834.97,1834.97,124,0,160
2020.12.10,3:11:00,1834.97,1835.4,1834.96,1835.24,109,0,160
2020.12.10,3:12:00,1835.25,1836.23,1835.23,1836,136,0,160
2020.12.10,3:13:00,1835.98,1835.98,1835.7,1835.77,89,0,180
2020.12.10,3:14:00,1835.77,1836.19,1835.77,1835.98,88,0,180
2020.12.10,3:15:00,1835.98,1836.2,1835.78,1836.17,91,0,150
2020.12.10,3:16:00,1836.13,1836.37,1835.85,1836.1,106,0,140
2020.12.10,3:17:00,1836.1,1837.05,1836.1,1836.83,112,0,140
2020.12.10,3:18:00,1836.84,1836.9,1835.88,1836.12,98,0,140
2020.12.10,3:19:00,1836.14,1836.49,1836.09,1836.26,58,0,220
2020.12.10,3:20:00,1836.28,1837.11,1836.09,1836.98,93,0,210
2020.12.10,3:21:00,1837,1837.21,1836.78,1837.132,138,0,160
2020.12.10,3:22:00,1837.12,1838.24,1837.12,1838.19,153,0,180
2020.12.10,3:23:00,1838.23,1838.325,1837.871,1838.11,169,0,160
2020.12.10,3:24:00,1838.11,1838.54,1837.9,1838.46,168,0,150
2020.12.10,3:25:00,1838.47,1838.47,1837.835,1838.057,174,0,140
2020.12.10,3:26:00,1838.15,1838.2,1837.62,1838.05,126,0,170
2020.12.10,3:27:00,1838.05,1838.37,1838.02,1838.07,76,0,210
2020.12.10,3:28:00,1838.12,1838.351,1837.69,1837.83,118,0,140
2020.12.10,3:29:00,1837.82,1838.02,1837.31,1838.01,89,0,190
2020.12.10,3:30:00,1838.04,1838.46,1837.87,1837.87,111,0,220
2020.12.10,3:31:00,1837.86,1837.89,1837.29,1837.59,68,0,180
2020.12.10,3:32:00,1837.55,1838.25,1837.35,1838.21,58,0,140
2020.12.10,3:33:00,1838.21,1838.58,1838.15,1838.56,63,0,150
2020.12.10,3:34:00,1838.56,1838.9,1838.47,1838.76,126,0,140
2020.12.10,3:35:00,1838.76,1838.87,1838.68,1838.68,71,0,190
2020.12.10,3:36:00,1838.68,1839.03,1838.63,1838.88,73,0,161
2020.12.10,3:37:00,1838.89,1839.96,1838.86,1839.59,119,0,170
2020.12.10,3:38:00,1839.59,1839.74,1839.2,1839.44,105,0,170
2020.12.10,3:39:00,1839.44,1839.44,1838.5,1838.56,145,0,140
2020.12.10,3:40:00,1838.59,1838.59,1837.16,1837.22,136,0,140
2020.12.10,3:41:00,1837.2,1837.81,1836.99,1837.46,165,0,140
2020.12.10,3:42:00,1837.5,1838.08,1837.36,1837.53,135,0,160
2020.12.10,3:43:00,1837.45,1837.69,1837.09,1837.66,82,0,190
2020.12.10,3:44:00,1837.66,1838.43,1837.64,1838.39,52,0,210
2020.12.10,3:45:00,1838.39,1838.64,1838.13,1838.21,92,0,170
2020.12.10,3:46:00,1838.21,1838.49,1837.75,1838.04,66,0,160
2020.12.10,3:47:00,1838.04,1838.41,1837.99,1838.21,60,0,190
2020.12.10,3:48:00,1838.21,1838.39,1837.8,1838.25,69,0,150
2020.12.10,3:49:00,1838.25,1838.29,1838.05,1838.28,25,0,140
2020.12.10,3:50:00,1838.28,1838.37,1838.03,1838.33,41,0,190
2020.12.10,3:51:00,1838.33,1838.42,1838.02,1838.31,39,0,140
2020.12.10,3:52:00,1838.32,1838.41,1838.06,1838.41,43,0,140
2020.12.10,3:53:00,1838.41,1838.41,1837.9,1837.9,46,0,140
2020.12.10,3:54:00,1837.9,1838.21,1837.76,1838.03,56,0,140
2020.12.10,3:55:00,1838.05,1838.83,1837.99,1838.82,57,0,140
2020.12.10,3:56:00,1838.82,1838.85,1838.51,1838.83,28,0,140
2020.12.10,3:57:00,1838.83,1838.9,1838.45,1838.77,35,0,160
2020.12.10,3:58:00,1838.77,1838.99,1838.73,1838.97,35,0,140
2020.12.10,3:59:00,1839.02,1839.48,1838.97,1839.48,51,0,150
2020.12.10,4:00:00,1839.48,1839.57,1838.27,1838.47,75,0,140
2020.12.10,4:01:00,1838.47,1839.61,1838.36,1839.41,71,0,140
2020.12.10,4:02:00,1839.41,1839.97,1839.146,1839.97,97,0,140
2020.12.10,4:03:00,1839.97,1840.03,1839.41,1839.52,82,0,190
2020.12.10,4:04:00,1839.52,1839.91,1839.49,1839.72,38,0,160
2020.12.10,4:05:00,1839.72,1839.84,1839.62,1839.73,53,0,170
2020.12.10,4:06:00,1839.73,1840.46,1839.73,1840.35,70,0,190
2020.12.10,4:07:00,1840.35,1840.63,1840.05,1840.37,101,0,140
2020.12.10,4:08:00,1840.37,1840.91,1840.27,1840.91,99,0,180
2020.12.10,4:09:00,1840.89,1841.12,1840.68,1841.11,103,0,150
2020.12.10,4:10:00,1841.1,1841.39,1840.86,1841.19,99,0,150
2020.12.10,4:11:00,1841.19,1841.33,1840.89,1841.14,80,0,190
2020.12.10,4:12:00,1841.14,1841.67,1841.14,1841.49,113,0,140
2020.12.10,4:13:00,1841.47,1841.74,1841.47,1841.51,61,0,160
2020.12.10,4:14:00,1841.51,1841.51,1841.1,1841.1,24,0,150
2020.12.10,4:15:00,1841.1,1841.1,1840.64,1840.64,80,0,140
2020.12.10,4:16:00,1840.64,1840.77,1840.62,1840.7,38,0,210
2020.12.10,4:17:00,1840.7,1840.7,1840.18,1840.37,71,0,150
2020.12.10,4:18:00,1840.37,1840.6,1840.255,1840.5,48,0,140
2020.12.10,4:19:00,1840.52,1840.76,1840.51,1840.75,61,0,250
2020.12.10,4:20:00,1840.75,1840.8,1840.38,1840.42,42,0,180
2020.12.10,4:21:00,1840.42,1841.28,1840.41,1841.22,61,0,162
2020.12.10,4:22:00,1841.21,1841.3,1841.11,1841.27,42,0,240
2020.12.10,4:23:00,1841.29,1841.29,1841.04,1841.05,21,0,190
2020.12.10,4:24:00,1841.05,1841.85,1840.85,1841.63,68,0,200
2020.12.10,4:25:00,1841.66,1841.74,1841.5,1841.63,34,0,190
2020.12.10,4:26:00,1841.68,1841.75,1841.44,1841.53,48,0,150
2020.12.10,4:27:00,1841.53,1841.93,1841.53,1841.65,71,0,160
2020.12.10,4:28:00,1841.65,1841.92,1841.65,1841.71,40,0,270
2020.12.10,4:29:00,1841.77,1841.88,1841.35,1841.35,64,0,180
2020.12.10,4:30:00,1841.38,1842.451,1841.33,1842.09,156,0,140
2020.12.10,4:31:00,1842.05,1842.06,1841.02,1841.02,127,0,141
2020.12.10,4:32:00,1841.06,1841.08,1840.3,1840.37,102,0,180
2020.12.10,4:33:00,1840.37,1840.44,1839.99,1840.05,70,0,220
2020.12.10,4:34:00,1840.05,1840.402,1840.04,1840.33,72,0,159
2020.12.10,4:35:00,1840.33,1840.33,1839.8,1839.91,53,0,140
2020.12.10,4:36:00,1839.91,1839.95,1839.66,1839.82,62,0,180
2020.12.10,4:37:00,1839.82,1840.17,1839.73,1839.74,31,0,190
2020.12.10,4:38:00,1839.74,1840.17,1839.74,1839.82,55,0,240
2020.12.10,4:39:00,1839.81,1840.05,1839.73,1840.02,59,0,260
2020.12.10,4:40:00,1839.97,1840.18,1839.95,1840.18,34,0,240
2020.12.10,4:41:00,1840.18,1840.39,1840.1,1840.34,36,0,210
2020.12.10,4:42:00,1840.34,1840.34,1839.92,1840.05,33,0,140
2020.12.10,4:43:00,1840.03,1840.03,1839.51,1839.51,59,0,200
2020.12.10,4:44:00,1839.47,1839.95,1839.39,1839.92,85,0,210
2020.12.10,4:45:00,1839.92,1840.01,1839.65,1839.68,44,0,200
2020.12.10,4:46:00,1839.68,1839.88,1839.45,1839.7,36,0,150
2020.12.10,4:47:00,1839.7,1840,1839.63,1839.8,47,0,220
2020.12.10,4:48:00,1839.8,1840.424,1839.69,1840.29,69,0,210
2020.12.10,4:49:00,1840.3,1840.31,1840.09,1840.17,82,0,240
2020.12.10,4:50:00,1840.17,1840.21,1839.88,1839.92,74,0,230
2020.12.10,4:51:00,1839.96,1840.05,1839.5,1840,62,0,148
2020.12.10,4:52:00,1840,1840,1839.76,1839.87,33,0,200
2020.12.10,4:53:00,1839.87,1840.49,1839.87,1840.39,51,0,230
2020.12.10,4:54:00,1840.39,1841.26,1840.36,1840.86,72,0,180
2020.12.10,4:55:00,1840.86,1840.94,1840.64,1840.79,56,0,220
2020.12.10,4:56:00,1840.79,1841.04,1840.74,1840.94,39,0,200
2020.12.10,4:57:00,1840.94,1841.14,1840.84,1840.89,51,0,250
2020.12.10,4:58:00,1840.89,1841.08,1840.88,1841.01,39,0,200
2020.12.10,4:59:00,1841,1841.05,1840.64,1840.81,53,0,160
2020.12.10,5:00:00,1840.81,1841.2,1840.7,1840.7,37,0,180
2020.12.10,5:01:00,1840.7,1840.75,1840.1,1840.2,40,0,170
2020.12.10,5:02:00,1840.2,1840.3,1840.02,1840.19,31,0,170
2020.12.10,5:03:00,1840.19,1840.29,1839.75,1840.2,45,0,170
2020.12.10,5:04:00,1840.22,1840.9,1839.93,1840.9,92,0,200
2020.12.10,5:05:00,1840.87,1841.49,1840.73,1841.47,101,0,150
2020.12.10,5:06:00,1841.49,1841.59,1841.29,1841.41,68,0,250
2020.12.10,5:07:00,1841.42,1841.69,1840.74,1841.34,99,0,160
2020.12.10,5:08:00,1841.34,1841.644,1840.76,1840.96,153,0,260
2020.12.10,5:09:00,1840.95,1841.63,1840.95,1841.46,124,0,170
2020.12.10,5:10:00,1841.42,1841.42,1840.76,1840.94,79,0,240
2020.12.10,5:11:00,1840.94,1840.98,1839.98,1840.12,99,0,220
2020.12.10,5:12:00,1840.09,1840.33,1840.03,1840.13,72,0,190
2020.12.10,5:13:00,1840.12,1840.22,1839.75,1839.89,66,0,180
2020.12.10,5:14:00,1839.87,1840.09,1839.82,1840.01,70,0,200
2020.12.10,5:15:00,1840.02,1840.43,1839.93,1840.31,84,0,140
2020.12.10,5:16:00,1840.31,1840.41,1840.11,1840.35,55,0,140
2020.12.10,5:17:00,1840.35,1840.35,1839.58,1839.6,73,0,230
2020.12.10,5:18:00,1839.62,1839.81,1839.5,1839.81,56,0,260
2020.12.10,5:19:00,1839.78,1839.94,1839.46,1839.74,41,0,200
2020.12.10,5:20:00,1839.74,1839.84,1839.54,1839.8,20,0,220
2020.12.10,5:21:00,1839.8,1839.8,1839.443,1839.45,35,0,190
2020.12.10,5:22:00,1839.45,1839.58,1839.15,1839.38,49,0,150
2020.12.10,5:23:00,1839.38,1839.53,1839.27,1839.39,30,0,180
2020.12.10,5:24:00,1839.39,1839.59,1839.38,1839.57,29,0,300
2020.12.10,5:25:00,1839.57,1839.96,1839.47,1839.96,36,0,270
2020.12.10,5:26:00,1839.96,1839.96,1839.22,1839.52,46,0,142
2020.12.10,5:27:00,1839.52,1839.61,1839.027,1839.51,27,0,150
2020.12.10,5:28:00,1839.51,1839.51,1839,1839.15,17,0,220
2020.12.10,5:29:00,1839.15,1839.4,1839.1,1839.35,36,0,180
2020.12.10,5:30:00,1839.34,1839.44,1839.1,1839.2,19,0,230
2020.12.10,5:31:00,1839.2,1839.35,1839,1839.35,21,0,230
2020.12.10,5:32:00,1839.35,1839.4,1839.2,1839.2,14,0,230
2020.12.10,5:33:00,1839.25,1839.58,1839.2,1839.55,27,0,160
2020.12.10,5:34:00,1839.59,1839.7,1839.55,1839.7,32,0,240
2020.12.10,5:35:00,1839.7,1840.04,1839.69,1839.86,28,0,239
2020.12.10,5:36:00,1839.87,1840.09,1839.81,1840.05,36,0,290
2020.12.10,5:37:00,1840.05,1840.11,1839.75,1839.909,95,0,240
2020.12.10,5:38:00,1839.912,1839.931,1839.66,1839.74,189,0,279
2020.12.10,5:39:00,1839.735,1839.766,1839.445,1839.49,81,0,298
2020.12.10,5:40:00,1839.48,1839.48,1839.224,1839.356,132,0,140
2020.12.10,5:41:00,1839.356,1839.964,1839.235,1839.85,197,0,216
2020.12.10,5:42:00,1839.824,1839.877,1839.734,1839.8,121,0,290
2020.12.10,5:43:00,1839.752,1839.899,1839.645,1839.79,144,0,265
2020.12.10,5:44:00,1839.76,1839.799,1839.69,1839.76,84,0,290
2020.12.10,5:45:00,1839.749,1839.874,1839.73,1839.76,113,0,290
2020.12.10,5:46:00,1839.74,1839.85,1839.606,1839.675,82,0,280
2020.12.10,5:47:00,1839.675,1839.84,1839.66,1839.75,59,0,239
2020.12.10,5:48:00,1839.75,1839.75,1839.46,1839.52,42,0,200
2020.12.10,5:49:00,1839.52,1839.62,1839.42,1839.62,16,0,140
2020.12.10,5:50:00,1839.62,1839.72,1839.52,1839.72,14,0,160
2020.12.10,5:51:00,1839.72,1839.72,1839.52,1839.52,10,0,210
2020.12.10,5:52:00,1839.52,1839.52,1839.42,1839.52,10,0,220
2020.12.10,5:53:00,1839.52,1839.52,1839.17,1839.22,12,0,220
2020.12.10,5:54:00,1839.22,1839.23,1839,1839,22,0,170
2020.12.10,5:55:00,1839,1839.054,1838.52,1838.62,78,0,190
2020.12.10,5:56:00,1838.6,1838.6,1838.2,1838.2,55,0,150
2020.12.10,5:57:00,1838.2,1838.65,1838.2,1838.6,70,0,230
2020.12.10,5:58:00,1838.59,1838.66,1838.55,1838.56,72,0,140
2020.12.10,5:59:00,1838.57,1838.68,1837.98,1838.06,77,0,140
2020.12.10,6:00:00,1838.06,1838.65,1838.06,1838.65,51,0,250
2020.12.10,6:01:00,1838.65,1839.156,1838.65,1839.06,65,0,220
2020.12.10,6:02:00,1839.06,1839.21,1838.86,1838.95,71,0,210
2020.12.10,6:03:00,1838.95,1839.38,1838.93,1839.35,40,0,250
2020.12.10,6:04:00,1839.35,1839.57,1839.35,1839.55,33,0,240
2020.12.10,6:05:00,1839.55,1839.89,1839.52,1839.88,64,0,150
2020.12.10,6:06:00,1839.87,1840.12,1839.81,1840.1,48,0,220
2020.12.10,6:07:00,1840.09,1840.154,1839.69,1839.89,52,0,170
2020.12.10,6:08:00,1839.98,1840.32,1839.84,1840.2,78,0,170
2020.12.10,6:09:00,1840.21,1840.763,1839.99,1840.763,111,0,176
2020.12.10,6:10:00,1840.773,1842.08,1840.61,1841.42,153,0,140
2020.12.10,6:11:00,1841.42,1842.3,1841.32,1841.98,105,0,140
2020.12.10,6:12:00,1841.99,1842.01,1841.3,1841.36,83,0,160
2020.12.10,6:13:00,1841.36,1841.59,1841.08,1841.49,66,0,190
2020.12.10,6:14:00,1841.48,1841.59,1841.12,1841.55,35,0,240
2020.12.10,6:15:00,1841.56,1841.68,1841.14,1841.38,69,0,140
2020.12.10,6:16:00,1841.38,1841.56,1841.16,1841.16,72,0,140
2020.12.10,6:17:00,1841.15,1842.03,1840.96,1841.45,90,0,140
2020.12.10,6:18:00,1841.45,1841.45,1840.14,1840.35,81,0,140
2020.12.10,6:19:00,1840.35,1840.62,1840.35,1840.61,50,0,140
2020.12.10,6:20:00,1840.61,1840.69,1840.04,1840.14,49,0,190
2020.12.10,6:21:00,1840.13,1840.29,1840.05,1840.23,41,0,160
2020.12.10,6:22:00,1840.23,1840.28,1840.01,1840.27,45,0,210
2020.12.10,6:23:00,1840.27,1840.49,1840.185,1840.26,43,0,180
2020.12.10,6:24:00,1840.26,1840.36,1840.12,1840.36,54,0,184
2020.12.10,6:25:00,1840.38,1840.39,1840.26,1840.287,37,0,220
2020.12.10,6:26:00,1840.285,1840.562,1840.282,1840.33,40,0,157
2020.12.10,6:27:00,1840.32,1840.38,1840.07,1840.1,32,0,210
2020.12.10,6:28:00,1840.1,1840.26,1840.1,1840.24,21,0,240
2020.12.10,6:29:00,1840.24,1840.69,1840.24,1840.64,92,0,210
2020.12.10,6:30:00,1840.64,1840.74,1840.39,1840.49,60,0,200
2020.12.10,6:31:00,1840.5,1840.5,1839.69,1839.74,62,0,190
2020.12.10,6:32:00,1839.74,1839.79,1839.56,1839.67,55,0,170
2020.12.10,6:33:00,1839.67,1839.67,1839.36,1839.45,88,0,150
2020.12.10,6:34:00,1839.45,1839.62,1839.14,1839.14,74,0,160
2020.12.10,6:35:00,1839.1,1839.66,1838.89,1839.58,117,0,160
2020.12.10,6:36:00,1839.56,1839.57,1839.14,1839.2,124,0,140
2020.12.10,6:37:00,1839.2,1839.58,1838.87,1838.97,106,0,140
2020.12.10,6:38:00,1838.98,1839.13,1838.75,1838.95,65,0,140
2020.12.10,6:39:00,1838.95,1839.1,1838.88,1839.1,29,0,170
2020.12.10,6:40:00,1839.1,1839.24,1839.04,1839.22,38,0,220
2020.12.10,6:41:00,1839.22,1839.89,1839.22,1839.85,52,0,140
2020.12.10,6:42:00,1839.85,1839.99,1839.78,1839.85,48,0,160
2020.12.10,6:43:00,1839.85,1840.2,1839.85,1839.96,50,0,210
2020.12.10,6:44:00,1839.96,1840.07,1839.95,1839.95,27,0,180
2020.12.10,6:45:00,1839.94,1840.32,1839.94,1840.14,45,0,200
2020.12.10,6:46:00,1840.12,1840.15,1840.02,1840.06,16,0,210
2020.12.10,6:47:00,1840.06,1840.07,1839.31,1839.34,34,0,140
2020.12.10,6:48:00,1839.29,1839.55,1839.23,1839.55,27,0,190
2020.12.10,6:49:00,1839.55,1840.14,1839.55,1839.89,38,0,150
2020.12.10,6:50:00,1839.89,1840.08,1839.89,1839.98,23,0,180
2020.12.10,6:51:00,1839.98,1840.13,1839.83,1839.98,20,0,210
2020.12.10,6:52:00,1839.98,1840.08,1839.94,1839.97,11,0,220
2020.12.10,6:53:00,1840.03,1840.19,1840.03,1840.03,33,0,210
2020.12.10,6:54:00,1840.03,1840.24,1839.99,1840.07,43,0,230
2020.12.10,6:55:00,1840.05,1840.1,1839.983,1840.08,19,0,250
2020.12.10,6:56:00,1840.08,1840.22,1840.01,1840.21,25,0,220
2020.12.10,6:57:00,1840.16,1840.2,1840.07,1840.12,37,0,240
2020.12.10,6:58:00,1840.11,1840.22,1840.1,1840.18,15,0,260
2020.12.10,6:59:00,1840.16,1840.19,1840.11,1840.17,34,0,260
2020.12.10,7:00:00,1840.15,1840.21,1839.82,1840.07,55,0,190
2020.12.10,7:01:00,1840.09,1840.64,1840.08,1840.3,63,0,210
2020.12.10,7:02:00,1840.34,1840.4,1839.34,1839.41,90,0,200
2020.12.10,7:03:00,1839.44,1839.52,1838.39,1838.6,128,0,140
2020.12.10,7:04:00,1838.6,1840.76,1838.6,1840.03,81,0,140
2020.12.10,7:05:00,1840.03,1840.31,1839.93,1840.09,37,0,160
2020.12.10,7:06:00,1840.09,1840.13,1839.73,1839.93,36,0,200
2020.12.10,7:07:00,1839.94,1840.05,1839.92,1839.98,34,0,200
2020.12.10,7:08:00,1839.97,1840.32,1839.89,1840.3,46,0,150
2020.12.10,7:09:00,1840.31,1840.97,1840.23,1840.82,62,0,210
2020.12.10,7:10:00,1840.83,1840.9,1840.5,1840.51,61,0,200
2020.12.10,7:11:00,1840.5,1840.81,1840.5,1840.75,61,0,210
2020.12.10,7:12:00,1840.75,1840.79,1840.62,1840.64,41,0,180
2020.12.10,7:13:00,1840.66,1840.77,1840.56,1840.68,37,0,200
2020.12.10,7:14:00,1840.69,1841.35,1840.69,1841.29,87,0,150
2020.12.10,7:15:00,1841.3,1841.47,1840.74,1840.88,73,0,140
2020.12.10,7:16:00,1840.92,1841.3,1840.92,1841.26,51,0,170
2020.12.10,7:17:00,1841.26,1841.36,1841.21,1841.27,62,0,170
2020.12.10,7:18:00,1841.27,1841.27,1841.09,1841.12,54,0,170
2020.12.10,7:19:00,1841.14,1841.21,1841.06,1841.13,38,0,180
2020.12.10,7:20:00,1841.16,1841.25,1840.99,1841.19,41,0,200
2020.12.10,7:21:00,1841.19,1841.21,1841.06,1841.06,17,0,180
2020.12.10,7:22:00,1841.06,1841.12,1840.97,1841.12,19,0,140
2020.12.10,7:23:00,1841.12,1841.13,1840.87,1840.92,19,0,190
2020.12.10,7:24:00,1840.92,1840.97,1840.67,1840.67,16,0,160
2020.12.10,7:25:00,1840.7,1840.84,1840.67,1840.84,35,0,200
2020.12.10,7:26:00,1840.84,1840.9,1840.61,1840.7,45,0,230
2020.12.10,7:27:00,1840.75,1840.77,1840.51,1840.52,39,0,230
2020.12.10,7:28:00,1840.53,1840.6,1840.43,1840.52,44,0,210
2020.12.10,7:29:00,1840.54,1840.57,1840.33,1840.53,51,0,240
2020.12.10,7:30:00,1840.52,1840.59,1839.72,1839.83,117,0,180
2020.12.10,7:31:00,1839.82,1840.07,1839.51,1839.7,116,0,170
2020.12.10,7:32:00,1839.7,1840.07,1839.62,1840.03,90,0,160
2020.12.10,7:33:00,1840.02,1840.12,1839.81,1839.86,71,0,150
2020.12.10,7:34:00,1839.8,1839.93,1839.54,1839.84,74,0,210
2020.12.10,7:35:00,1839.86,1840.05,1839.64,1839.73,78,0,140
2020.12.10,7:36:00,1839.72,1840.04,1839.35,1839.67,97,0,160
2020.12.10,7:37:00,1839.67,1839.87,1839.31,1839.78,110,0,190
2020.12.10,7:38:00,1839.78,1840.05,1839.57,1839.87,102,0,180
2020.12.10,7:39:00,1839.87,1840.406,1839.87,1840.401,115,0,220
2020.12.10,7:40:00,1840.401,1840.82,1840.401,1840.81,72,0,220
2020.12.10,7:41:00,1840.81,1840.86,1840.51,1840.54,64,0,250
2020.12.10,7:42:00,1840.51,1840.93,1840.35,1840.86,66,0,160
2020.12.10,7:43:00,1840.89,1841.02,1840.68,1840.87,70,0,230
2020.12.10,7:44:00,1840.86,1841.43,1840.86,1841.28,119,0,140
2020.12.10,7:45:00,1841.28,1841.37,1840.94,1841.02,83,0,230
2020.12.10,7:46:00,1841.02,1841.05,1840.76,1840.83,49,0,230
2020.12.10,7:47:00,1840.83,1841.4,1840.81,1841.33,51,0,155
2020.12.10,7:48:00,1841.32,1841.38,1840.95,1841.07,89,0,180
2020.12.10,7:49:00,1841.07,1841.307,1841.02,1841.27,78,0,234
2020.12.10,7:50:00,1841.25,1841.25,1840.72,1840.83,52,0,240
2020.12.10,7:51:00,1840.84,1841.1,1840.61,1840.97,116,0,200
2020.12.10,7:52:00,1840.97,1841.254,1840.75,1840.76,73,0,165
2020.12.10,7:53:00,1840.76,1841.17,1840.76,1841.09,81,0,191
2020.12.10,7:54:00,1841.09,1841.317,1840.83,1841.13,153,0,190
2020.12.10,7:55:00,1841.14,1841.29,1840.24,1840.42,81,0,140
2020.12.10,7:56:00,1840.39,1840.4,1839.67,1839.72,84,0,140
2020.12.10,7:57:00,1839.72,1839.75,1839.23,1839.42,93,0,190
2020.12.10,7:58:00,1839.42,1839.56,1839.04,1839.18,85,0,180
2020.12.10,7:59:00,1839.17,1839.45,1838.66,1839.35,107,0,160
2020.12.10,8:00:00,1839.35,1839.5,1839.09,1839.11,71,0,193
2020.12.10,8:01:00,1839.12,1839.5,1839.07,1839.1,81,0,190
2020.12.10,8:02:00,1839.11,1839.173,1838.53,1838.57,98,0,190
2020.12.10,8:03:00,1838.56,1839.443,1838.02,1839.17,157,0,140
2020.12.10,8:04:00,1839.03,1839.46,1838.77,1838.79,89,0,140
2020.12.10,8:05:00,1838.79,1838.79,1837.6,1837.6,117,0,145
2020.12.10,8:06:00,1837.6,1837.69,1837.22,1837.22,110,0,150
2020.12.10,8:07:00,1837.21,1837.39,1837.19,1837.25,63,0,170
2020.12.10,8:08:00,1837.25,1837.7,1837.25,1837.59,72,0,140
2020.12.10,8:09:00,1837.61,1838.01,1837.49,1838.01,81,0,160
2020.12.10,8:10:00,1838,1838.39,1837.64,1838.39,95,0,160
2020.12.10,8:11:00,1838.39,1838.69,1838.39,1838.59,52,0,160
2020.12.10,8:12:00,1838.59,1839.35,1838.54,1838.91,58,0,140
2020.12.10,8:13:00,1838.91,1839.39,1838.47,1838.65,163,0,140
2020.12.10,8:14:00,1838.657,1839.01,1838.48,1838.62,106,0,150
2020.12.10,8:15:00,1838.62,1838.68,1838.4,1838.55,68,0,180
2020.12.10,8:16:00,1838.55,1838.57,1837.79,1837.82,72,0,140
2020.12.10,8:17:00,1837.82,1838.1,1837.61,1838.1,48,0,150
2020.12.10,8:18:00,1838.08,1838.1,1837.4,1837.52,79,0,160
2020.12.10,8:19:00,1837.52,1837.88,1837.48,1837.77,70,0,140
2020.12.10,8:20:00,1837.77,1837.84,1837.4,1837.43,60,0,140
2020.12.10,8:21:00,1837.44,1837.56,1837.19,1837.19,57,0,140
2020.12.10,8:22:00,1837.2,1837.47,1837.01,1837.41,89,0,140
2020.12.10,8:23:00,1837.41,1837.55,1837.19,1837.2,62,0,160
2020.12.10,8:24:00,1837.2,1837.45,1837.2,1837.36,59,0,160
2020.12.10,8:25:00,1837.35,1837.6,1837.28,1837.39,76,0,150
2020.12.10,8:26:00,1837.39,1837.5,1837.3,1837.38,48,0,200
2020.12.10,8:27:00,1837.38,1837.58,1837.13,1837.13,62,0,170
2020.12.10,8:28:00,1837.1,1837.35,1837.05,1837.34,41,0,230
2020.12.10,8:29:00,1837.34,1837.39,1837.1,1837.19,69,0,220
2020.12.10,8:30:00,1837.19,1837.75,1837.09,1837.45,112,0,180
2020.12.10,8:31:00,1837.46,1837.56,1837.23,1837.25,60,0,250
2020.12.10,8:32:00,1837.28,1837.32,1836.93,1837.21,83,0,140
2020.12.10,8:33:00,1837.21,1837.26,1836.84,1836.97,66,0,140
2020.12.10,8:34:00,1837.01,1837.26,1836.97,1837.17,48,0,170
2020.12.10,8:35:00,1837.16,1837.16,1836.84,1837.04,59,0,220
2020.12.10,8:36:00,1837.04,1837.19,1836.54,1836.54,66,0,210
2020.12.10,8:37:00,1836.54,1836.54,1836.16,1836.39,110,0,200
2020.12.10,8:38:00,1836.39,1836.46,1835.8,1836.1,91,0,229
2020.12.10,8:39:00,1836.1,1836.1,1835.43,1835.46,101,0,140
2020.12.10,8:40:00,1835.46,1835.62,1835.4,1835.46,96,0,210
2020.12.10,8:41:00,1835.45,1835.67,1835.36,1835.59,120,0,150
2020.12.10,8:42:00,1835.59,1835.89,1835.11,1835.49,141,0,140
2020.12.10,8:43:00,1835.46,1835.53,1835.2,1835.41,141,0,140
2020.12.10,8:44:00,1835.41,1837.4,1835.36,1837.1,176,0,150
2020.12.10,8:45:00,1837.07,1837.09,1836.16,1836.45,128,0,210
2020.12.10,8:46:00,1836.43,1836.43,1836.18,1836.23,67,0,190
2020.12.10,8:47:00,1836.23,1836.7,1835.9,1836.59,104,0,200
2020.12.10,8:48:00,1836.61,1837.73,1836.6,1837.68,86,0,140
2020.12.10,8:49:00,1837.68,1837.77,1837.15,1837.19,71,0,140
2020.12.10,8:50:00,1837.19,1837.66,1837.09,1837.48,81,0,140
2020.12.10,8:51:00,1837.48,1837.48,1836.91,1837,55,0,140
2020.12.10,8:52:00,1837,1837.12,1836.71,1836.98,101,0,180
2020.12.10,8:53:00,1836.98,1836.98,1836.52,1836.75,78,0,160
2020.12.10,8:54:00,1836.75,1837.01,1835.89,1835.96,104,0,190
2020.12.10,8:55:00,1835.95,1836.12,1835.37,1835.59,130,0,200
2020.12.10,8:56:00,1835.61,1836.09,1835.6,1835.81,96,0,210
2020.12.10,8:57:00,1835.83,1835.95,1835.44,1835.57,65,0,230
2020.12.10,8:58:00,1835.55,1835.76,1834.74,1835.09,122,0,140
2020.12.10,8:59:00,1835.09,1835.29,1834.71,1834.89,89,0,220
2020.12.10,9:00:00,1834.89,1835.43,1834.09,1835.43,107,0,140
2020.12.10,9:01:00,1835.44,1835.76,1835.21,1835.33,88,0,160
2020.12.10,9:02:00,1835.32,1836.74,1835.26,1835.86,146,0,150
2020.12.10,9:03:00,1835.85,1836.21,1835.75,1835.79,103,0,160
2020.12.10,9:04:00,1835.78,1836.14,1835.62,1835.707,116,0,140
2020.12.10,9:05:00,1835.74,1836.02,1835.36,1835.55,136,0,150
2020.12.10,9:06:00,1835.55,1836.21,1835.55,1836.09,53,0,140
2020.12.10,9:07:00,1836.09,1836.15,1836.01,1836.06,41,0,150
2020.12.10,9:08:00,1836.05,1836.11,1835.83,1835.88,77,0,220
2020.12.10,9:09:00,1835.86,1836.35,1835.86,1836.22,64,0,220
2020.12.10,9:10:00,1836.2,1836.75,1836.14,1836.72,80,0,230
2020.12.10,9:11:00,1836.73,1837.09,1836.19,1836.21,161,0,170
2020.12.10,9:12:00,1836.19,1836.87,1836.04,1836.65,98,0,140
2020.12.10,9:13:00,1836.64,1836.81,1836.03,1836.23,116,0,140
2020.12.10,9:14:00,1836.26,1836.63,1836.1,1836.1,82,0,160
2020.12.10,9:15:00,1836.16,1836.4,1836.04,1836.1,50,0,190
2020.12.10,9:16:00,1836.1,1836.3,1835.93,1836.3,51,0,200
2020.12.10,9:17:00,1836.31,1836.35,1835.67,1836,61,0,180
2020.12.10,9:18:00,1836.05,1836.87,1836.04,1836.31,102,0,150
2020.12.10,9:19:00,1836.33,1836.62,1836.3,1836.37,87,0,150
2020.12.10,9:20:00,1836.4,1837.21,1836.15,1837.15,134,0,140
2020.12.10,9:21:00,1837.15,1837.4,1836.91,1837.32,104,0,140
2020.12.10,9:22:00,1837.31,1837.33,1836.3,1836.35,105,0,180
2020.12.10,9:23:00,1836.38,1836.65,1835.86,1836.56,137,0,177
2020.12.10,9:24:00,1836.56,1837.11,1836.52,1837.1,140,0,150
2020.12.10,9:25:00,1837.1,1837.24,1836.99,1837.24,50,0,230
2020.12.10,9:26:00,1837.24,1837.47,1837.08,1837.45,92,0,160
2020.12.10,9:27:00,1837.46,1837.76,1837.31,1837.62,118,0,140
2020.12.10,9:28:00,1837.63,1838.54,1837.27,1837.86,166,0,140
2020.12.10,9:29:00,1837.85,1838.37,1837.66,1837.75,115,0,170
2020.12.10,9:30:00,1837.74,1837.81,1836.74,1836.84,131,0,140
2020.12.10,9:31:00,1836.87,1837.06,1836.24,1836.83,123,0,170
2020.12.10,9:32:00,1836.8,1836.96,1836.56,1836.79,80,0,160
2020.12.10,9:33:00,1836.79,1837.13,1836.67,1836.91,49,0,140
2020.12.10,9:34:00,1836.91,1837.42,1836.85,1837.4,84,0,150
2020.12.10,9:35:00,1837.4,1838.59,1837.22,1838.42,139,0,140
2020.12.10,9:36:00,1838.42,1838.47,1838.2,1838.31,97,0,160
2020.12.10,9:37:00,1838.3,1839.23,1838.23,1839.05,105,0,140
2020.12.10,9:38:00,1839.04,1840.04,1838.91,1839.77,145,0,160
2020.12.10,9:39:00,1839.79,1840,1839.05,1839.58,127,0,170
2020.12.10,9:40:00,1839.58,1839.58,1838.5,1838.7,144,0,150
2020.12.10,9:41:00,1838.69,1838.69,1838.12,1838.36,141,0,140
2020.12.10,9:42:00,1838.36,1838.64,1838.31,1838.42,66,0,140
2020.12.10,9:43:00,1838.46,1838.475,1837.19,1837.19,111,0,150
2020.12.10,9:44:00,1837.19,1837.25,1836.39,1836.39,124,0,140
2020.12.10,9:45:00,1836.39,1837.07,1835.93,1836.84,144,0,170
2020.12.10,9:46:00,1836.76,1836.89,1836.55,1836.84,91,0,180
2020.12.10,9:47:00,1836.86,1836.88,1836.36,1836.39,80,0,150
2020.12.10,9:48:00,1836.39,1836.67,1836.22,1836.44,86,0,160
2020.12.10,9:49:00,1836.45,1836.95,1836.45,1836.95,49,0,180
2020.12.10,9:50:00,1836.95,1836.95,1836.11,1836.12,94,0,150
2020.12.10,9:51:00,1836.12,1836.33,1835.62,1836.28,120,0,140
2020.12.10,9:52:00,1836.29,1836.62,1836.27,1836.45,77,0,140
2020.12.10,9:53:00,1836.45,1836.67,1836.2,1836.34,102,0,170
2020.12.10,9:54:00,1836.35,1837.2,1836.34,1836.83,117,0,140
2020.12.10,9:55:00,1836.84,1837.6,1836.56,1836.66,153,0,140
2020.12.10,9:56:00,1836.66,1837.42,1836.64,1837.42,84,0,150
2020.12.10,9:57:00,1837.42,1837.88,1837.28,1837.37,79,0,140
2020.12.10,9:58:00,1837.37,1837.98,1837.37,1837.88,83,0,160
2020.12.10,9:59:00,1837.9,1838.24,1837.31,1837.5,102,0,140
2020.12.10,10:00:00,1837.5,1837.6,1836.19,1836.29,153,0,147
2020.12.10,10:01:00,1836.27,1836.37,1835.44,1835.44,159,0,170
2020.12.10,10:02:00,1835.44,1836.59,1835.44,1836.38,125,0,160
2020.12.10,10:03:00,1836.38,1836.47,1836,1836.47,71,0,140
2020.12.10,10:04:00,1836.51,1836.72,1836.02,1836.02,76,0,140
2020.12.10,10:05:00,1836.08,1836.23,1835.81,1835.81,90,0,140
2020.12.10,10:06:00,1835.81,1836.23,1835.68,1836.1,111,0,140
2020.12.10,10:07:00,1836.01,1836.18,1835.56,1835.61,117,0,170
2020.12.10,10:08:00,1835.59,1835.71,1835.46,1835.7,121,0,180
2020.12.10,10:09:00,1835.71,1836.05,1835.44,1835.46,122,0,180
2020.12.10,10:10:00,1835.47,1835.57,1835.2,1835.49,101,0,140
2020.12.10,10:11:00,1835.5,1835.88,1834.823,1835.098,127,0,140
2020.12.10,10:12:00,1835.086,1835.698,1834.81,1835.6,133,0,140
2020.12.10,10:13:00,1835.61,1837.8,1835.61,1836.95,165,0,140
2020.12.10,10:14:00,1836.96,1837.64,1836.9,1837.11,110,0,140
2020.12.10,10:15:00,1837.13,1837.32,1836.09,1836.15,94,0,140
2020.12.10,10:16:00,1836.14,1836.88,1835.84,1836.73,85,0,170
2020.12.10,10:17:00,1836.73,1837.4,1836.73,1836.98,91,0,140
2020.12.10,10:18:00,1836.98,1837.13,1836.314,1836.317,151,0,140
2020.12.10,10:19:00,1836.34,1836.54,1836.211,1836.312,179,0,168
2020.12.10,10:20:00,1836.306,1836.389,1835.86,1835.97,183,0,152
2020.12.10,10:21:00,1835.97,1836.05,1835.62,1835.69,77,0,190
2020.12.10,10:22:00,1835.71,1836.15,1835.71,1836.11,112,0,140
2020.12.10,10:23:00,1836.11,1836.16,1835.61,1835.8,99,0,200
2020.12.10,10:24:00,1835.81,1836.11,1835.71,1836.09,85,0,150
2020.12.10,10:25:00,1836.11,1836.68,1835.98,1836.46,93,0,150
2020.12.10,10:26:00,1836.45,1837.03,1836.42,1836.51,96,0,200
2020.12.10,10:27:00,1836.51,1836.64,1836.04,1836.22,96,0,170
2020.12.10,10:28:00,1836.22,1836.65,1836.22,1836.57,73,0,151
2020.12.10,10:29:00,1836.57,1836.58,1836.32,1836.42,45,0,140
2020.12.10,10:30:00,1836.42,1836.42,1835.67,1835.75,48,0,160
2020.12.10,10:31:00,1835.75,1836.7,1835.5,1836.7,96,0,140
2020.12.10,10:32:00,1836.87,1837.51,1836.3,1836.3,125,0,150
2020.12.10,10:33:00,1836.29,1836.32,1835.76,1836.06,89,0,180
2020.12.10,10:34:00,1836.08,1836.97,1836.07,1836.82,78,0,160
2020.12.10,10:35:00,1836.82,1837.11,1836.69,1836.89,67,0,150
2020.12.10,10:36:00,1836.88,1837.24,1836.46,1836.67,73,0,140
2020.12.10,10:37:00,1836.67,1836.67,1836.34,1836.39,75,0,180
2020.12.10,10:38:00,1836.39,1836.57,1836.05,1836.4,79,0,150
2020.12.10,10:39:00,1836.41,1836.49,1835.75,1835.81,83,0,140
2020.12.10,10:40:00,1835.82,1835.93,1835.43,1835.5,96,0,170
2020.12.10,10:41:00,1835.49,1835.61,1835.41,1835.52,72,0,170
2020.12.10,10:42:00,1835.52,1835.79,1835.5,1835.78,51,0,140
2020.12.10,10:43:00,1835.78,1835.78,1835.45,1835.45,45,0,170
2020.12.10,10:44:00,1835.45,1835.95,1835.45,1835.94,64,0,150
2020.12.10,10:45:00,1835.94,1836.19,1835.54,1835.54,35,0,140
2020.12.10,10:46:00,1835.53,1835.75,1835.47,1835.65,38,0,140
2020.12.10,10:47:00,1835.65,1835.75,1835.32,1835.32,53,0,180
2020.12.10,10:48:00,1835.32,1835.45,1834.24,1834.33,105,0,170
2020.12.10,10:49:00,1834.34,1834.81,1834.33,1834.56,126,0,230
2020.12.10,10:50:00,1834.56,1834.85,1833.9,1833.9,67,0,140
2020.12.10,10:51:00,1833.9,1833.96,1832.96,1833.71,171,0,157
2020.12.10,10:52:00,1833.71,1833.76,1832.18,1833.08,128,0,150
2020.12.10,10:53:00,1833.08,1833.4,1832.036,1832.29,117,0,140
2020.12.10,10:54:00,1832.29,1832.48,1831.76,1831.82,102,0,140
2020.12.10,10:55:00,1831.82,1832.88,1831.82,1832.67,139,0,140
2020.12.10,10:56:00,1832.66,1832.79,1832.27,1832.4,127,0,160
2020.12.10,10:57:00,1832.4,1832.74,1832.14,1832.69,125,0,200
2020.12.10,10:58:00,1832.69,1833.47,1832.69,1833.38,117,0,190
2020.12.10,10:59:00,1833.39,1833.74,1833.25,1833.34,128,0,140
2020.12.10,11:00:00,1833.35,1833.52,1832.9,1833.35,120,0,200
2020.12.10,11:01:00,1833.36,1833.65,1833.32,1833.32,111,0,180
2020.12.10,11:02:00,1833.27,1833.47,1832.77,1832.79,96,0,140
2020.12.10,11:03:00,1832.79,1832.97,1832.68,1832.77,64,0,210
2020.12.10,11:04:00,1832.78,1832.78,1831.44,1832.19,126,0,140
2020.12.10,11:05:00,1832.29,1832.59,1832.08,1832.26,150,0,200
2020.12.10,11:06:00,1832.27,1832.42,1831.45,1831.51,145,0,140
2020.12.10,11:07:00,1831.49,1832.37,1831.49,1832.3,134,0,150
2020.12.10,11:08:00,1832.29,1832.53,1831.83,1832.26,147,0,150
2020.12.10,11:09:00,1832.26,1832.31,1831.83,1832.05,90,0,190
2020.12.10,11:10:00,1832.05,1832.1,1831.15,1831.36,96,0,140
2020.12.10,11:11:00,1831.38,1832.07,1831.38,1831.51,111,0,140
2020.12.10,11:12:00,1831.51,1831.51,1830.2,1830.33,146,0,140
2020.12.10,11:13:00,1830.34,1830.37,1829.9,1830.25,130,0,140
2020.12.10,11:14:00,1830.25,1830.25,1828.66,1828.77,166,0,140
2020.12.10,11:15:00,1828.81,1830.14,1828.63,1829.89,179,0,140
2020.12.10,11:16:00,1829.87,1831.54,1829.86,1831.5,167,0,147
2020.12.10,11:17:00,1831.44,1832.25,1831.43,1832.11,125,0,150
2020.12.10,11:18:00,1832.16,1832.48,1832.13,1832.19,85,0,140
2020.12.10,11:19:00,1832.2,1832.38,1832.04,1832.22,91,0,200
2020.12.10,11:20:00,1832.21,1832.61,1831.77,1831.78,95,0,140
2020.12.10,11:21:00,1831.78,1831.83,1830.11,1830.65,225,0,140
2020.12.10,11:22:00,1830.65,1831.15,1830.46,1830.87,143,0,140
2020.12.10,11:23:00,1830.87,1831.13,1829.52,1829.62,174,0,140
2020.12.10,11:24:00,1829.59,1830.41,1829.41,1830.21,139,0,180
2020.12.10,11:25:00,1830.22,1830.43,1830.2,1830.3,90,0,180
2020.12.10,11:26:00,1830.3,1830.55,1830.12,1830.54,107,0,170
2020.12.10,11:27:00,1830.54,1831.18,1830.39,1830.9,71,0,140
2020.12.10,11:28:00,1830.9,1831.28,1830.81,1831.28,146,0,170
2020.12.10,11:29:00,1831.33,1831.35,1830.28,1830.4,117,0,150
2020.12.10,11:30:00,1830.39,1831.093,1829.378,1830.93,197,0,157
2020.12.10,11:31:00,1830.93,1831.3,1830.7,1831.11,142,0,160
2020.12.10,11:32:00,1831.11,1831.11,1830.71,1830.79,62,0,140
2020.12.10,11:33:00,1830.81,1830.92,1830.2,1830.58,105,0,170
2020.12.10,11:34:00,1830.58,1831.11,1830.58,1831.08,129,0,176
2020.12.10,11:35:00,1831.08,1831.6,1830.59,1831.53,129,0,156
2020.12.10,11:36:00,1831.51,1831.74,1831.25,1831.52,118,0,140
2020.12.10,11:37:00,1831.52,1831.74,1831.42,1831.65,90,0,160
2020.12.10,11:38:00,1831.65,1831.68,1830.89,1831.13,93,0,140
2020.12.10,11:39:00,1831.13,1831.55,1830.95,1831.47,65,0,140
2020.12.10,11:40:00,1831.48,1831.49,1831.21,1831.32,49,0,171
2020.12.10,11:41:00,1831.32,1831.56,1831.26,1831.55,59,0,190
2020.12.10,11:42:00,1831.56,1831.57,1831.18,1831.37,52,0,140
2020.12.10,11:43:00,1831.35,1831.99,1831.33,1831.94,70,0,170
2020.12.10,11:44:00,1831.94,1831.94,1831.61,1831.62,48,0,140
2020.12.10,11:45:00,1831.61,1832.11,1831.49,1832.11,49,0,150
2020.12.10,11:46:00,1832.11,1832.81,1832.11,1832.81,72,0,140
2020.12.10,11:47:00,1832.81,1833.06,1832.72,1832.94,59,0,200
2020.12.10,11:48:00,1832.92,1832.92,1832.28,1832.45,85,0,150
2020.12.10,11:49:00,1832.45,1833.03,1832.32,1832.81,79,0,140
2020.12.10,11:50:00,1832.81,1833.38,1832.56,1833.08,98,0,140
2020.12.10,11:51:00,1833.11,1833.33,1833.08,1833.13,93,0,180
2020.12.10,11:52:00,1833.13,1833.64,1833.05,1833.55,118,0,160
2020.12.10,11:53:00,1833.55,1833.59,1833.14,1833.14,99,0,170
2020.12.10,11:54:00,1833.14,1833.25,1832.99,1833.17,106,0,160
2020.12.10,11:55:00,1833.16,1833.2,1832.48,1832.48,110,0,160
2020.12.10,11:56:00,1832.48,1832.69,1832.18,1832.25,85,0,180
2020.12.10,11:57:00,1832.25,1832.25,1831.73,1831.87,102,0,220
2020.12.10,11:58:00,1831.87,1831.87,1831.49,1831.49,60,0,220
2020.12.10,11:59:00,1831.48,1831.89,1831.27,1831.89,84,0,150
2020.12.10,12:00:00,1831.91,1832.05,1831.76,1832.02,106,0,170
2020.12.10,12:01:00,1832.02,1832.4,1831.69,1832.31,95,0,180
2020.12.10,12:02:00,1832.24,1832.52,1832.03,1832.03,58,0,170
2020.12.10,12:03:00,1832.09,1832.55,1832.09,1832.55,53,0,161
2020.12.10,12:04:00,1832.55,1832.55,1832.17,1832.33,67,0,200
2020.12.10,12:05:00,1832.33,1832.49,1831.81,1831.83,108,0,140
2020.12.10,12:06:00,1831.81,1831.9,1831.373,1831.72,86,0,170
2020.12.10,12:07:00,1831.77,1832.18,1831.77,1831.96,66,0,190
2020.12.10,12:08:00,1831.95,1832.18,1831.95,1832.03,32,0,220
2020.12.10,12:09:00,1832.03,1832.21,1832.03,1832.19,22,0,180
2020.12.10,12:10:00,1832.22,1832.47,1832.14,1832.34,56,0,180
2020.12.10,12:11:00,1832.35,1832.4,1832.22,1832.34,43,0,170
2020.12.10,12:12:00,1832.37,1833.17,1832.31,1832.96,52,0,160
2020.12.10,12:13:00,1832.98,1833.16,1832.77,1832.87,76,0,190
2020.12.10,12:14:00,1832.87,1833.1,1832.84,1833.08,61,0,190
2020.12.10,12:15:00,1833.06,1833.19,1832.77,1832.776,43,0,210
2020.12.10,12:16:00,1832.79,1832.81,1832.12,1832.23,66,0,170
2020.12.10,12:17:00,1832.23,1832.33,1832.18,1832.18,42,0,200
2020.12.10,12:18:00,1832.18,1832.25,1832.11,1832.18,40,0,200
2020.12.10,12:19:00,1832.2,1832.34,1832.09,1832.26,56,0,220
2020.12.10,12:20:00,1832.22,1832.35,1832.13,1832.18,62,0,230
2020.12.10,12:21:00,1832.18,1832.25,1831.66,1831.66,63,0,180
2020.12.10,12:22:00,1831.66,1832.09,1831.64,1831.85,85,0,180
2020.12.10,12:23:00,1831.85,1832.06,1831.81,1831.86,48,0,230
2020.12.10,12:24:00,1831.88,1831.96,1831.59,1831.64,58,0,230
2020.12.10,12:25:00,1831.64,1831.9,1831.6,1831.78,69,0,180
2020.12.10,12:26:00,1831.78,1832.09,1831.78,1832.04,59,0,210
2020.12.10,12:27:00,1832.04,1832.37,1831.98,1832.37,88,0,220
2020.12.10,12:28:00,1832.35,1832.43,1832.1,1832.14,49,0,190
2020.12.10,12:29:00,1832.17,1832.21,1830.72,1831.76,128,0,140
2020.12.10,12:30:00,1831.74,1832.66,1831.37,1832.47,160,0,140
2020.12.10,12:31:00,1832.47,1833.22,1832.47,1833.11,91,0,153
2020.12.10,12:32:00,1833.11,1834.07,1833.1,1833.95,104,0,146
2020.12.10,12:33:00,1833.95,1834.59,1833.69,1833.69,135,0,140
2020.12.10,12:34:00,1833.69,1834.19,1833.69,1833.78,75,0,145
2020.12.10,12:35:00,1833.78,1834.38,1833.57,1834.24,84,0,140
2020.12.10,12:36:00,1834.24,1834.26,1833.84,1834.19,63,0,160
2020.12.10,12:37:00,1834.24,1834.57,1833.98,1834.56,54,0,140
2020.12.10,12:38:00,1834.56,1834.56,1834.28,1834.38,45,0,160
2020.12.10,12:39:00,1834.38,1834.41,1834.25,1834.35,45,0,210
2020.12.10,12:40:00,1834.31,1834.33,1834.06,1834.1,28,0,140
2020.12.10,12:41:00,1834.11,1834.5,1834.11,1834.43,42,0,180
2020.12.10,12:42:00,1834.43,1834.83,1834.4,1834.49,65,0,160
2020.12.10,12:43:00,1834.46,1834.84,1834.424,1834.501,184,0,140
2020.12.10,12:44:00,1834.5,1834.827,1834.226,1834.254,147,0,170
2020.12.10,12:45:00,1834.253,1834.307,1833.62,1833.798,182,0,230
2020.12.10,12:46:00,1833.78,1833.84,1833.7,1833.81,67,0,240
2020.12.10,12:47:00,1833.81,1834.33,1833.7,1834.3,82,0,143
2020.12.10,12:48:00,1834.32,1834.659,1834.29,1834.43,131,0,140
2020.12.10,12:49:00,1834.43,1835.27,1834.43,1835.25,94,0,200
2020.12.10,12:50:00,1835.24,1837.1,1835.15,1836.63,157,0,140
2020.12.10,12:51:00,1836.61,1838.67,1836.17,1837.682,242,0,140
2020.12.10,12:52:00,1837.682,1837.688,1837.32,1837.38,137,0,147
2020.12.10,12:53:00,1837.39,1838.06,1837.3,1837.96,185,0,190
2020.12.10,12:54:00,1837.93,1837.94,1836.93,1836.96,141,0,160
2020.12.10,12:55:00,1836.95,1836.98,1836.49,1836.54,130,0,140
2020.12.10,12:56:00,1836.58,1836.74,1836.43,1836.58,116,0,150
2020.12.10,12:57:00,1836.6,1836.6,1836.12,1836.27,130,0,150
2020.12.10,12:58:00,1836.27,1836.76,1835.91,1836.26,137,0,150
2020.12.10,12:59:00,1836.24,1836.24,1835.83,1835.86,81,0,220
2020.12.10,13:00:00,1835.85,1836.47,1835.64,1836.25,138,0,150
2020.12.10,13:01:00,1836.25,1836.36,1835.88,1836.19,93,0,140
2020.12.10,13:02:00,1836.2,1837.16,1836.2,1836.91,82,0,140
2020.12.10,13:03:00,1836.86,1836.89,1836.05,1836.05,87,0,190
2020.12.10,13:04:00,1836.03,1836.34,1836.03,1836.25,58,0,230
2020.12.10,13:05:00,1836.24,1836.29,1836.02,1836.24,66,0,190
2020.12.10,13:06:00,1836.24,1836.32,1835.8,1835.81,59,0,190
2020.12.10,13:07:00,1835.82,1836.33,1835.8,1836.33,75,0,190
2020.12.10,13:08:00,1836.34,1836.34,1835.66,1835.86,64,0,190
2020.12.10,13:09:00,1835.83,1836.08,1835.57,1835.69,102,0,160
2020.12.10,13:10:00,1835.72,1835.89,1835.6,1835.71,61,0,210
2020.12.10,13:11:00,1835.7,1835.74,1835.27,1835.42,76,0,200
2020.12.10,13:12:00,1835.44,1835.81,1835.32,1835.65,67,0,180
2020.12.10,13:13:00,1835.65,1836.37,1835.65,1836.31,108,0,170
2020.12.10,13:14:00,1836.32,1836.52,1836.01,1836.23,96,0,180
2020.12.10,13:15:00,1836.22,1836.25,1835.7,1835.85,83,0,180
2020.12.10,13:16:00,1835.82,1836.22,1835.82,1835.9,55,0,170
2020.12.10,13:17:00,1835.9,1836.01,1835.49,1836.01,67,0,170
2020.12.10,13:18:00,1836.02,1836.2,1835.9,1836.03,62,0,170
2020.12.10,13:19:00,1836.03,1836.43,1836.03,1836.39,44,0,230
2020.12.10,13:20:00,1836.41,1836.76,1836.33,1836.54,83,0,226
2020.12.10,13:21:00,1836.55,1836.55,1835.89,1836.02,63,0,220
2020.12.10,13:22:00,1836.02,1836.69,1836.02,1836.68,61,0,230
2020.12.10,13:23:00,1836.68,1836.93,1836.65,1836.78,42,0,198
2020.12.10,13:24:00,1836.77,1836.78,1836.25,1836.33,73,0,220
2020.12.10,13:25:00,1836.33,1836.35,1835.84,1835.95,73,0,210
2020.12.10,13:26:00,1835.94,1836.01,1835.82,1835.95,39,0,230
2020.12.10,13:27:00,1835.94,1835.94,1835.33,1835.43,78,0,154
2020.12.10,13:28:00,1835.44,1835.75,1835.41,1835.65,84,0,140
2020.12.10,13:29:00,1835.65,1835.69,1835.54,1835.57,53,0,250
2020.12.10,13:30:00,1835.57,1836.308,1835.39,1835.9,72,0,140
2020.12.10,13:31:00,1835.89,1835.93,1835.48,1835.74,59,0,140
2020.12.10,13:32:00,1835.73,1835.83,1835.56,1835.61,66,0,270
2020.12.10,13:33:00,1835.59,1835.63,1835.36,1835.46,70,0,220
2020.12.10,13:34:00,1835.44,1835.64,1835.39,1835.59,66,0,220
2020.12.10,13:35:00,1835.59,1836.11,1835.49,1835.93,73,0,220
2020.12.10,13:36:00,1835.93,1836.11,1835.7,1835.76,43,0,200
2020.12.10,13:37:00,1835.74,1835.95,1835.58,1835.62,54,0,140
2020.12.10,13:38:00,1835.62,1835.82,1835.62,1835.81,37,0,240
2020.12.10,13:39:00,1835.78,1836.35,1835.75,1836.13,80,0,210
2020.12.10,13:40:00,1836.12,1836.16,1835.7,1835.72,71,0,140
2020.12.10,13:41:00,1835.72,1836.16,1835.6,1836.16,72,0,140
2020.12.10,13:42:00,1836.23,1836.32,1836.17,1836.32,59,0,200
2020.12.10,13:43:00,1836.32,1836.37,1836.07,1836.08,30,0,170
2020.12.10,13:44:00,1836.08,1836.14,1835.9,1836.08,49,0,200
2020.12.10,13:45:00,1836.06,1836.35,1836,1836.35,56,0,220
2020.12.10,13:46:00,1836.37,1836.37,1835.91,1835.91,66,0,190
2020.12.10,13:47:00,1835.91,1836.244,1835.61,1835.65,92,0,220
2020.12.10,13:48:00,1835.65,1835.72,1835.14,1835.14,121,0,200
2020.12.10,13:49:00,1835.14,1835.22,1834.54,1834.63,139,0,140
2020.12.10,13:50:00,1834.64,1834.95,1834.54,1834.91,101,0,210
2020.12.10,13:51:00,1834.9,1836.15,1834.9,1836.15,111,0,140
2020.12.10,13:52:00,1836.19,1837.04,1836.108,1836.401,155,0,154
2020.12.10,13:53:00,1836.31,1836.31,1835.752,1835.764,205,0,141
2020.12.10,13:54:00,1835.772,1835.827,1835.32,1835.428,162,0,152
2020.12.10,13:55:00,1835.434,1835.44,1834.725,1834.84,167,0,140
2020.12.10,13:56:00,1834.85,1834.94,1834.29,1834.29,79,0,189
2020.12.10,13:57:00,1834.34,1834.885,1834.23,1834.8,105,0,170
2020.12.10,13:58:00,1834.79,1835.21,1834.72,1834.95,70,0,190
2020.12.10,13:59:00,1834.95,1835.24,1834.9,1834.99,60,0,170
2020.12.10,14:00:00,1834.99,1835.23,1834.67,1834.75,98,0,200
2020.12.10,14:01:00,1834.75,1834.75,1833.623,1833.69,144,0,190
2020.12.10,14:02:00,1833.68,1833.77,1832.64,1833.49,235,0,160
2020.12.10,14:03:00,1833.48,1833.48,1833.01,1833.1,99,0,150
2020.12.10,14:04:00,1833.1,1834.12,1832.94,1833.98,127,0,150
2020.12.10,14:05:00,1833.97,1834.1,1833.82,1834.04,73,0,140
2020.12.10,14:06:00,1834.04,1834.21,1833.97,1834.11,75,0,180
2020.12.10,14:07:00,1834.11,1834.39,1833.67,1834.39,88,0,160
2020.12.10,14:08:00,1834.39,1834.39,1834.02,1834.03,47,0,140
2020.12.10,14:09:00,1834.02,1834.4,1834.02,1834.22,44,0,230
2020.12.10,14:10:00,1834.22,1835.1,1834.01,1834.92,97,0,160
2020.12.10,14:11:00,1834.9,1836.05,1834.9,1835.96,182,0,140
2020.12.10,14:12:00,1835.97,1836.41,1835.84,1835.95,117,0,190
2020.12.10,14:13:00,1835.94,1836.5,1835.83,1835.9,118,0,200
2020.12.10,14:14:00,1835.97,1835.97,1835.37,1835.39,99,0,210
2020.12.10,14:15:00,1835.39,1835.67,1835.29,1835.63,85,0,200
2020.12.10,14:16:00,1835.62,1836.03,1835.55,1835.59,83,0,140
2020.12.10,14:17:00,1835.63,1836.91,1835.4,1836.6,144,0,150
2020.12.10,14:18:00,1836.59,1836.81,1835.9,1836.03,134,0,140
2020.12.10,14:19:00,1835.92,1836.41,1835.81,1836.32,108,0,160
2020.12.10,14:20:00,1836.32,1836.91,1836.27,1836.55,106,0,170
2020.12.10,14:21:00,1836.55,1837.03,1836.38,1836.89,117,0,160
2020.12.10,14:22:00,1836.89,1837.85,1836.53,1837.83,147,0,140
2020.12.10,14:23:00,1837.83,1837.95,1836.67,1837.35,143,0,140
2020.12.10,14:24:00,1837.35,1837.89,1837.24,1837.74,81,0,160
2020.12.10,14:25:00,1837.72,1837.86,1837.33,1837.41,105,0,200
2020.12.10,14:26:00,1837.41,1837.41,1837.07,1837.27,58,0,230
2020.12.10,14:27:00,1837.27,1837.32,1837.04,1837.23,74,0,230
2020.12.10,14:28:00,1837.23,1837.57,1837.12,1837.21,80,0,160
2020.12.10,14:29:00,1837.2,1837.54,1837.17,1837.31,91,0,170
2020.12.10,14:30:00,1837.31,1837.48,1837.22,1837.42,85,0,210
2020.12.10,14:31:00,1837.45,1838.42,1837.37,1837.82,139,0,140
2020.12.10,14:32:00,1837.83,1838.4,1837.83,1838.31,107,0,140
2020.12.10,14:33:00,1838.31,1838.31,1837.23,1837.25,136,0,170
2020.12.10,14:34:00,1837.25,1837.42,1837.13,1837.31,133,0,170
2020.12.10,14:35:00,1837.31,1837.42,1836.95,1836.96,115,0,140
2020.12.10,14:36:00,1836.97,1837.31,1836.87,1837.24,104,0,200
2020.12.10,14:37:00,1837.23,1837.29,1836.64,1837.13,107,0,150
2020.12.10,14:38:00,1837.13,1837.22,1836.72,1836.79,115,0,150
2020.12.10,14:39:00,1836.78,1836.78,1836.1,1836.46,146,0,150
2020.12.10,14:40:00,1836.46,1836.76,1836.23,1836.71,108,0,250
2020.12.10,14:41:00,1836.69,1836.71,1836.13,1836.47,95,0,200
2020.12.10,14:42:00,1836.43,1836.68,1836.29,1836.35,72,0,230
2020.12.10,14:43:00,1836.35,1837.06,1836.35,1836.9,81,0,220
2020.12.10,14:44:00,1836.9,1837.69,1836.86,1837.57,92,0,170
2020.12.10,14:45:00,1837.57,1837.77,1836.52,1837.01,73,0,140
2020.12.10,14:46:00,1836.99,1837.38,1836.32,1836.65,193,0,140
2020.12.10,14:47:00,1836.65,1838.27,1836.42,1838.06,224,0,141
2020.12.10,14:48:00,1838.06,1838.26,1837.07,1837.07,206,0,140
2020.12.10,14:49:00,1837.08,1837.26,1836.79,1836.79,186,0,140
2020.12.10,14:50:00,1836.8,1837.56,1836.4,1836.71,164,0,140
2020.12.10,14:51:00,1836.7,1836.96,1836.36,1836.53,169,0,150
2020.12.10,14:52:00,1836.53,1836.94,1835.65,1835.65,167,0,146
2020.12.10,14:53:00,1835.66,1836.18,1835.25,1835.68,162,0,150
2020.12.10,14:54:00,1835.61,1836.27,1835.55,1836.17,96,0,140
2020.12.10,14:55:00,1836.2,1836.6,1835.24,1835.36,149,0,140
2020.12.10,14:56:00,1835.35,1836.27,1834.73,1836.05,159,0,140
2020.12.10,14:57:00,1836.04,1836.89,1835.68,1835.69,170,0,140
2020.12.10,14:58:00,1835.66,1835.81,1834.708,1835.8,150,0,140
2020.12.10,14:59:00,1835.83,1836.19,1835.42,1836.03,144,0,140
2020.12.10,15:00:00,1836.03,1836.43,1835.6,1836.09,147,0,140
2020.12.10,15:01:00,1836.09,1836.09,1835.22,1835.52,159,0,140
2020.12.10,15:02:00,1835.52,1835.67,1834.16,1834.73,201,0,140
2020.12.10,15:03:00,1834.9,1837.84,1834.78,1837.44,215,0,140
2020.12.10,15:04:00,1837.44,1839.24,1836.94,1839.03,283,0,140
2020.12.10,15:05:00,1839.04,1839.04,1837.94,1838.87,227,0,140
2020.12.10,15:06:00,1838.87,1839.07,1838.12,1838.16,221,0,140
2020.12.10,15:07:00,1838.2,1839.09,1838.06,1838.72,193,0,140
2020.12.10,15:08:00,1838.72,1839.71,1838.62,1839.35,207,0,140
2020.12.10,15:09:00,1839.32,1839.43,1838.78,1838.83,185,0,150
2020.12.10,15:10:00,1838.83,1839.26,1838.34,1838.81,230,0,170
2020.12.10,15:11:00,1838.81,1839.221,1838.56,1838.89,187,0,140
2020.12.10,15:12:00,1838.92,1839.07,1837.27,1838.096,218,0,140
2020.12.10,15:13:00,1838.095,1838.21,1837.81,1837.93,117,0,169
2020.12.10,15:14:00,1837.93,1837.96,1837.29,1837.96,142,0,147
2020.12.10,15:15:00,1837.96,1838.3,1837.17,1837.71,163,0,150
2020.12.10,15:16:00,1837.71,1838.9,1837.68,1838.8,186,0,150
2020.12.10,15:17:00,1838.82,1840.18,1838.82,1839.11,233,0,140
2020.12.10,15:18:00,1839.46,1840.355,1839.24,1839.996,258,0,140
2020.12.10,15:19:00,1840.05,1840.42,1839.69,1839.97,191,0,140
2020.12.10,15:20:00,1839.98,1840.62,1839.75,1840.6,216,0,140
2020.12.10,15:21:00,1840.6,1840.6,1839.12,1839.55,179,0,140
2020.12.10,15:22:00,1839.55,1839.81,1839.35,1839.61,170,0,153
2020.12.10,15:23:00,1839.61,1840.193,1839.58,1839.77,190,0,182
2020.12.10,15:24:00,1839.75,1839.783,1838.43,1838.97,222,0,140
2020.12.10,15:25:00,1838.97,1839.12,1838.38,1838.87,183,0,140
2020.12.10,15:26:00,1838.88,1839.47,1838.85,1838.96,151,0,140
2020.12.10,15:27:00,1838.96,1839.01,1838.18,1838.33,143,0,160
2020.12.10,15:28:00,1838.33,1838.63,1838.04,1838.29,154,0,140
2020.12.10,15:29:00,1838.32,1838.5,1838.06,1838.13,140,0,170
2020.12.10,15:30:00,1838.09,1840.69,1838.09,1840.58,283,0,140
2020.12.10,15:31:00,1840.59,1842.27,1840.08,1840.88,302,0,140
2020.12.10,15:32:00,1840.85,1841.16,1839.53,1839.62,224,0,140
2020.12.10,15:33:00,1839.62,1840.39,1839.13,1840.39,221,0,140
2020.12.10,15:34:00,1840.33,1841.53,1839.66,1841.48,256,0,143
2020.12.10,15:35:00,1841.48,1842.79,1841.39,1842.44,258,0,150
2020.12.10,15:36:00,1842.44,1842.6,1840.35,1841.1,220,0,150
2020.12.10,15:37:00,1841.09,1842.63,1841.09,1842.61,222,0,190
2020.12.10,15:38:00,1842.61,1843.38,1842.14,1843.25,257,0,140
2020.12.10,15:39:00,1843.21,1844.62,1842.69,1844.21,262,0,140
2020.12.10,15:40:00,1844.21,1844.21,1843.32,1844,249,0,140
2020.12.10,15:41:00,1844.41,1844.97,1844,1844.66,279,0,140
2020.12.10,15:42:00,1844.66,1845.17,1844.14,1844.43,174,0,140
2020.12.10,15:43:00,1844.43,1845.81,1844.41,1845.72,205,0,140
2020.12.10,15:44:00,1845.68,1845.68,1844.92,1845.36,217,0,170
2020.12.10,15:45:00,1845.4,1846.17,1844.25,1844.69,211,0,140
2020.12.10,15:46:00,1844.69,1845.31,1844.46,1845.17,194,0,140
2020.12.10,15:47:00,1845.17,1845.49,1844.97,1845.13,224,0,140
2020.12.10,15:48:00,1845.16,1846.37,1844.87,1845.62,161,0,140
2020.12.10,15:49:00,1845.61,1845.63,1844.43,1844.89,183,0,140
2020.12.10,15:50:00,1844.91,1846.62,1844.9,1846.47,225,0,150
2020.12.10,15:51:00,1846.5,1846.74,1845.18,1845.18,198,0,150
2020.12.10,15:52:00,1845.18,1845.2,1844.08,1844.08,222,0,140
2020.12.10,15:53:00,1844.07,1844.39,1843.381,1843.81,243,0,140
2020.12.10,15:54:00,1843.77,1844.51,1843.73,1844.38,144,0,140
2020.12.10,15:55:00,1844.4,1845.15,1844.32,1845.04,169,0,140
2020.12.10,15:56:00,1845.04,1845.92,1844.65,1844.65,182,0,140
2020.12.10,15:57:00,1844.63,1845.03,1844.22,1844.6,184,0,140
2020.12.10,15:58:00,1844.62,1845.73,1844.15,1845.71,289,0,150
2020.12.10,15:59:00,1845.72,1845.77,1844.87,1845.36,201,0,150
2020.12.10,16:00:00,1845.37,1846.52,1845.08,1846.04,258,0,140
2020.12.10,16:01:00,1846.02,1846.91,1846.02,1846.91,244,0,170
2020.12.10,16:02:00,1846.88,1847.72,1846.29,1846.63,254,0,141
2020.12.10,16:03:00,1846.63,1846.85,1845.1,1845.63,248,0,140
2020.12.10,16:04:00,1845.63,1846.36,1845.36,1845.36,244,0,160
2020.12.10,16:05:00,1845.35,1845.5,1844.54,1845.18,181,0,140
2020.12.10,16:06:00,1845.19,1845.19,1842.73,1843.06,262,0,140
2020.12.10,16:07:00,1843.05,1843.27,1840.52,1840.77,330,0,150
2020.12.10,16:08:00,1840.7,1841.8,1840.63,1841.77,245,0,150
2020.12.10,16:09:00,1841.7,1842.51,1841.3,1842.31,201,0,140
2020.12.10,16:10:00,1842.29,1842.57,1841.56,1841.88,225,0,140
2020.12.10,16:11:00,1841.88,1842.61,1841.79,1842.59,133,0,150
2020.12.10,16:12:00,1842.59,1842.82,1842.1,1842.6,140,0,140
2020.12.10,16:13:00,1842.61,1844.21,1842.55,1844.21,143,0,160
2020.12.10,16:14:00,1844.21,1844.26,1842.75,1843.01,157,0,140
2020.12.10,16:15:00,1843.01,1843.26,1841.93,1841.93,154,0,140
2020.12.10,16:16:00,1841.93,1841.93,1841.14,1841.83,146,0,140
2020.12.10,16:17:00,1841.83,1842.14,1841.36,1841.85,150,0,140
2020.12.10,16:18:00,1841.85,1842,1841.21,1841.63,146,0,140
2020.12.10,16:19:00,1841.63,1842.23,1841.42,1841.76,124,0,150
2020.12.10,16:20:00,1841.75,1841.92,1841.32,1841.84,114,0,140
2020.12.10,16:21:00,1841.78,1842.33,1841.75,1842.27,131,0,180
2020.12.10,16:22:00,1842.25,1842.91,1842.25,1842.65,117,0,140
2020.12.10,16:23:00,1842.68,1843.11,1842.38,1842.77,128,0,170
2020.12.10,16:24:00,1842.77,1843.32,1842.53,1843.17,155,0,140
2020.12.10,16:25:00,1843.17,1843.2,1841.66,1842.12,129,0,140
2020.12.10,16:26:00,1842.23,1842.42,1841.88,1841.92,149,0,140
2020.12.10,16:27:00,1841.92,1842.83,1841.91,1842.17,136,0,140
2020.12.10,16:28:00,1842.17,1842.5,1841.89,1842.27,126,0,140
2020.12.10,16:29:00,1842.32,1843.07,1842.12,1842.89,130,0,150
2020.12.10,16:30:00,1842.89,1843.43,1842.7,1843.24,161,0,150
2020.12.10,16:31:00,1843.24,1844.54,1843.24,1844.54,225,0,140
2020.12.10,16:32:00,1844.54,1845.01,1844.19,1844.66,178,0,140
2020.12.10,16:33:00,1844.65,1844.74,1843.81,1844.09,207,0,150
2020.12.10,16:34:00,1844.1,1844.79,1844.01,1844.11,217,0,140
2020.12.10,16:35:00,1844.11,1846.06,1844.07,1846.04,248,0,140
2020.12.10,16:36:00,1846.02,1846.62,1845.71,1846.41,242,0,160
2020.12.10,16:37:00,1846.41,1847.45,1846.36,1846.63,238,0,140
2020.12.10,16:38:00,1846.62,1847.07,1845.85,1847,233,0,140
2020.12.10,16:39:00,1847,1848.27,1847,1848.145,284,0,140
2020.12.10,16:40:00,1848.2,1848.86,1847.54,1847.54,312,0,140
2020.12.10,16:41:00,1847.54,1847.74,1846.55,1847.44,227,0,150
2020.12.10,16:42:00,1847.44,1849.23,1847.44,1848.75,307,0,140
2020.12.10,16:43:00,1848.75,1849.14,1848.07,1848.41,267,0,140
2020.12.10,16:44:00,1848.46,1848.89,1847.92,1848.48,235,0,140
2020.12.10,16:45:00,1848.48,1849.55,1848.46,1848.49,279,0,150
2020.12.10,16:46:00,1848.49,1848.83,1847.65,1847.7,245,0,150
2020.12.10,16:47:00,1847.71,1847.91,1846.54,1846.66,249,0,140
2020.12.10,16:48:00,1846.62,1847.24,1846.62,1846.88,210,0,170
2020.12.10,16:49:00,1846.89,1848.77,1846.49,1848.77,265,0,140
2020.12.10,16:50:00,1848.86,1849.88,1848.56,1849.59,297,0,140
2020.12.10,16:51:00,1849.61,1849.93,1849.24,1849.57,259,0,140
2020.12.10,16:52:00,1849.624,1850,1848.26,1848.28,261,0,140
2020.12.10,16:53:00,1848.27,1848.46,1847.29,1847.44,225,0,140
2020.12.10,16:54:00,1847.44,1848.25,1847.44,1847.78,240,0,140
2020.12.10,16:55:00,1847.8,1848.6,1847.21,1847.26,228,0,150
2020.12.10,16:56:00,1847.31,1848.02,1847.06,1847.97,217,0,150
2020.12.10,16:57:00,1847.97,1848.6,1847.91,1848.46,195,0,140
2020.12.10,16:58:00,1848.49,1849.22,1848.49,1848.74,163,0,140
2020.12.10,16:59:00,1848.97,1849.03,1847.21,1847.64,251,0,140
2020.12.10,17:00:00,1847.64,1849.22,1846.56,1846.56,303,0,140
2020.12.10,17:01:00,1846.57,1847.69,1846.39,1846.79,256,0,140
2020.12.10,17:02:00,1846.81,1847.39,1844.97,1845.34,317,0,140
2020.12.10,17:03:00,1845.33,1845.56,1844.48,1844.8,223,0,140
2020.12.10,17:04:00,1844.8,1844.95,1842.74,1842.84,264,0,140
2020.12.10,17:05:00,1842.84,1844.31,1842.8,1843.92,201,0,140
2020.12.10,17:06:00,1843.88,1845.14,1843.82,1845.14,141,0,140
2020.12.10,17:07:00,1845.14,1845.44,1844.66,1845.16,79,0,150
2020.12.10,17:08:00,1845.16,1845.47,1844.92,1845.37,118,0,140
2020.12.10,17:09:00,1845.37,1845.74,1845.24,1845.31,154,0,140
2020.12.10,17:10:00,1845.32,1845.82,1844.6,1844.74,202,0,140
2020.12.10,17:11:00,1844.82,1845.55,1844.58,1844.69,159,0,140
2020.12.10,17:12:00,1844.69,1845.1,1844.14,1844.2,168,0,140
2020.12.10,17:13:00,1844.22,1845.35,1844.06,1845.09,177,0,140
2020.12.10,17:14:00,1845.09,1845.09,1843.94,1844.67,247,0,149
2020.12.10,17:15:00,1844.74,1844.86,1844.4,1844.64,184,0,150
2020.12.10,17:16:00,1844.62,1844.76,1843.66,1843.92,219,0,140
2020.12.10,17:17:00,1843.96,1844.16,1842.42,1842.86,246,0,150
2020.12.10,17:18:00,1842.86,1843.91,1842.77,1843.09,248,0,140
2020.12.10,17:19:00,1843.09,1843.18,1842.22,1842.27,217,0,170
2020.12.10,17:20:00,1842.28,1842.39,1841.08,1841.31,224,0,160
2020.12.10,17:21:00,1841.32,1842.42,1841.18,1842.35,237,0,140
2020.12.10,17:22:00,1842.33,1842.61,1841.86,1841.87,223,0,140
2020.12.10,17:23:00,1841.84,1841.84,1840.17,1840.46,254,0,140
2020.12.10,17:24:00,1840.45,1841.06,1840.25,1841.02,250,0,140
2020.12.10,17:25:00,1840.98,1841.71,1840.43,1841.63,249,0,150
2020.12.10,17:26:00,1841.65,1841.65,1840.58,1840.73,194,0,150
2020.12.10,17:27:00,1840.74,1841.22,1840.35,1841.14,223,0,159
2020.12.10,17:28:00,1841.1,1841.61,1840.61,1841.38,248,0,170
2020.12.10,17:29:00,1841.38,1841.38,1840.51,1840.82,215,0,140
2020.12.10,17:30:00,1840.81,1840.99,1839.79,1840.1,218,0,140
2020.12.10,17:31:00,1840.12,1840.17,1838.89,1839.02,223,0,140
2020.12.10,17:32:00,1838.98,1839.84,1838.7,1838.72,234,0,140
2020.12.10,17:33:00,1838.68,1839.66,1838.63,1839.12,201,0,150
2020.12.10,17:34:00,1839.14,1839.75,1838.59,1839.61,218,0,140
2020.12.10,17:35:00,1839.61,1840.125,1839.25,1839.68,176,0,140
2020.12.10,17:36:00,1839.68,1840.06,1839.45,1839.91,130,0,170
2020.12.10,17:37:00,1839.91,1839.91,1838.93,1839.07,102,0,170
2020.12.10,17:38:00,1839.07,1839.84,1838.86,1839.42,135,0,150
2020.12.10,17:39:00,1839.42,1840.84,1839.18,1840.68,152,0,140
2020.12.10,17:40:00,1840.66,1840.76,1839.97,1840.15,145,0,150
2020.12.10,17:41:00,1840.15,1840.36,1839.04,1839.09,143,0,140
2020.12.10,17:42:00,1839.08,1839.27,1838.6,1838.74,165,0,140
2020.12.10,17:43:00,1838.73,1839.91,1838.19,1839.91,152,0,140
2020.12.10,17:44:00,1839.86,1840.13,1839.41,1839.86,128,0,140
2020.12.10,17:45:00,1839.83,1839.83,1838.99,1839.09,117,0,140
2020.12.10,17:46:00,1839.09,1839.09,1838.51,1838.6,138,0,160
2020.12.10,17:47:00,1838.6,1838.75,1837.02,1837.06,167,0,140
2020.12.10,17:48:00,1837.06,1838.03,1837.06,1837.73,216,0,150
2020.12.10,17:49:00,1837.72,1838.01,1837.52,1837.81,115,0,140
2020.12.10,17:50:00,1837.87,1838.46,1837.58,1837.67,118,0,140
2020.12.10,17:51:00,1837.7,1838.14,1837.22,1837.95,245,0,140
2020.12.10,17:52:00,1837.95,1838.27,1837.68,1837.79,168,0,180
2020.12.10,17:53:00,1837.81,1838.1,1837.69,1837.86,163,0,150
2020.12.10,17:54:00,1837.87,1838.34,1837.72,1837.79,188,0,140
2020.12.10,17:55:00,1837.78,1838.31,1837.43,1838.04,212,0,142
2020.12.10,17:56:00,1838.04,1838.04,1835.16,1835.53,274,0,140
2020.12.10,17:57:00,1835.51,1835.51,1834.01,1834.85,293,0,140
2020.12.10,17:58:00,1834.88,1835.58,1834.34,1835.01,237,0,140
2020.12.10,17:59:00,1835,1835.58,1833.774,1835.38,218,0,140
2020.12.10,18:00:00,1835.39,1835.959,1835.18,1835.3,186,0,150
2020.12.10,18:01:00,1835.34,1835.34,1834.31,1834.58,191,0,140
2020.12.10,18:02:00,1834.606,1835.356,1833.57,1835.29,248,0,140
2020.12.10,18:03:00,1835.28,1836.81,1835.28,1835.99,222,0,150
2020.12.10,18:04:00,1835.96,1836.32,1835.49,1835.61,197,0,140
2020.12.10,18:05:00,1835.59,1835.72,1834.21,1834.35,209,0,140
2020.12.10,18:06:00,1834.34,1835.17,1834.11,1834.62,199,0,140
2020.12.10,18:07:00,1834.63,1834.9,1834.36,1834.89,171,0,210
2020.12.10,18:08:00,1834.89,1836.38,1834.89,1836.14,177,0,140
2020.12.10,18:09:00,1836.14,1836.14,1834.14,1834.14,190,0,140
2020.12.10,18:10:00,1834.16,1834.92,1833.89,1834.92,183,0,140
2020.12.10,18:11:00,1834.92,1835.19,1834.71,1834.99,139,0,150
2020.12.10,18:12:00,1835.01,1835.54,1834.83,1834.99,147,0,150
2020.12.10,18:13:00,1834.99,1835.34,1834.98,1835.18,159,0,180
2020.12.10,18:14:00,1835.18,1835.28,1834.25,1834.25,165,0,140
2020.12.10,18:15:00,1834.25,1834.27,1833.14,1833.36,219,0,160
2020.12.10,18:16:00,1833.36,1833.78,1833.19,1833.22,124,0,170
2020.12.10,18:17:00,1833.22,1833.49,1831.409,1832.96,216,0,140
2020.12.10,18:18:00,1832.96,1833.1,1832.44,1832.91,129,0,140
2020.12.10,18:19:00,1832.85,1833.85,1832.73,1833.71,168,0,140
2020.12.10,18:20:00,1833.7,1833.78,1832.88,1833.32,111,0,140
2020.12.10,18:21:00,1833.32,1834.78,1833.32,1834.56,210,0,140
2020.12.10,18:22:00,1834.56,1835.1,1834.45,1834.66,185,0,140
2020.12.10,18:23:00,1834.65,1835.64,1834.43,1835.64,192,0,140
2020.12.10,18:24:00,1835.64,1835.95,1835.06,1835.94,168,0,140
2020.12.10,18:25:00,1835.94,1836.94,1835.9,1836.55,171,0,150
2020.12.10,18:26:00,1836.55,1836.94,1836.55,1836.78,124,0,160
2020.12.10,18:27:00,1836.78,1837.15,1836.62,1837.1,118,0,140
2020.12.10,18:28:00,1837.13,1837.29,1836.79,1836.94,132,0,170
2020.12.10,18:29:00,1836.89,1837.07,1836.72,1836.78,86,0,140
2020.12.10,18:30:00,1836.8,1837.15,1836.42,1837.03,187,0,140
2020.12.10,18:31:00,1837.03,1837.43,1836.75,1837.03,170,0,140
2020.12.10,18:32:00,1837.03,1837.1,1836.41,1836.44,125,0,180
2020.12.10,18:33:00,1836.44,1836.44,1835.71,1835.82,178,0,157
2020.12.10,18:34:00,1835.8,1835.968,1835.46,1835.92,189,0,150
2020.12.10,18:35:00,1835.91,1836.09,1835.56,1835.73,157,0,143
2020.12.10,18:36:00,1835.73,1835.76,1834.98,1835.05,174,0,140
2020.12.10,18:37:00,1835.06,1835.26,1834.88,1834.91,137,0,160
2020.12.10,18:38:00,1834.91,1835.11,1834.32,1834.39,182,0,140
2020.12.10,18:39:00,1834.4,1835.83,1834.35,1835.6,182,0,140
2020.12.10,18:40:00,1835.58,1835.6,1834.95,1835.37,73,0,160
2020.12.10,18:41:00,1835.37,1836.03,1835.37,1836.03,57,0,160
2020.12.10,18:42:00,1836.07,1836.76,1835.98,1836.71,105,0,160
2020.12.10,18:43:00,1836.71,1836.71,1836.03,1836.05,108,0,140
2020.12.10,18:44:00,1836.06,1836.47,1835.9,1836.37,134,0,170
2020.12.10,18:45:00,1836.36,1836.86,1836.16,1836.52,113,0,154
2020.12.10,18:46:00,1836.53,1836.73,1836.35,1836.6,106,0,170
2020.12.10,18:47:00,1836.61,1836.61,1836.04,1836.3,98,0,140
2020.12.10,18:48:00,1836.3,1836.74,1836.14,1836.62,74,0,150
2020.12.10,18:49:00,1836.62,1836.62,1835.91,1835.91,74,0,190
2020.12.10,18:50:00,1835.91,1836.25,1835.65,1836.02,86,0,180
2020.12.10,18:51:00,1836.02,1836.3,1835.66,1836.23,67,0,160
2020.12.10,18:52:00,1836.23,1836.95,1836.22,1836.65,95,0,140
2020.12.10,18:53:00,1836.55,1836.7,1836.04,1836.13,70,0,160
2020.12.10,18:54:00,1836.15,1836.39,1835.96,1836.31,79,0,170
2020.12.10,18:55:00,1836.31,1836.43,1836.04,1836.43,141,0,160
2020.12.10,18:56:00,1836.43,1837.2,1836.43,1836.74,114,0,140
2020.12.10,18:57:00,1836.75,1837.14,1836.65,1837.05,116,0,200
2020.12.10,18:58:00,1837.05,1837.27,1836.87,1836.96,83,0,150
2020.12.10,18:59:00,1836.95,1837.21,1836.87,1837.17,92,0,140
2020.12.10,19:00:00,1837.17,1838.01,1837.12,1837.91,112,0,180
2020.12.10,19:01:00,1837.87,1837.93,1837.13,1837.54,135,0,140
2020.12.10,19:02:00,1837.54,1837.84,1837.53,1837.64,59,0,160
2020.12.10,19:03:00,1837.64,1837.74,1837.32,1837.32,53,0,140
2020.12.10,19:04:00,1837.3,1837.49,1837.2,1837.39,96,0,140
2020.12.10,19:05:00,1837.39,1837.76,1837.39,1837.76,52,0,140
2020.12.10,19:06:00,1837.76,1838,1837.5,1837.5,49,0,150
2020.12.10,19:07:00,1837.5,1837.5,1836.98,1837.03,77,0,140
2020.12.10,19:08:00,1837.03,1837.08,1836.57,1836.67,47,0,150
2020.12.10,19:09:00,1836.67,1836.97,1836.67,1836.87,34,0,200
2020.12.10,19:10:00,1836.87,1837.26,1836.87,1836.99,49,0,160
2020.12.10,19:11:00,1836.99,1837.46,1836.98,1837.46,36,0,140
2020.12.10,19:12:00,1837.46,1837.46,1837.07,1837.32,30,0,150
2020.12.10,19:13:00,1837.32,1837.46,1837.17,1837.46,33,0,160
2020.12.10,19:14:00,1837.46,1837.46,1837.02,1837.07,29,0,150
2020.12.10,19:15:00,1837.07,1837.56,1837.07,1837.41,55,0,150
2020.12.10,19:16:00,1837.41,1837.41,1836.77,1836.87,38,0,150
2020.12.10,19:17:00,1836.87,1837.07,1836.77,1836.82,39,0,200
2020.12.10,19:18:00,1836.82,1836.82,1836.28,1836.57,34,0,200
2020.12.10,19:19:00,1836.57,1836.87,1835.9,1836.18,94,0,140
2020.12.10,19:20:00,1836.18,1836.32,1836.01,1836.26,33,0,170
2020.12.10,19:21:00,1836.26,1836.55,1836.26,1836.44,21,0,170
2020.12.10,19:22:00,1836.44,1836.59,1836.28,1836.39,46,0,150
2020.12.10,19:23:00,1836.41,1836.53,1836.23,1836.33,31,0,160
2020.12.10,19:24:00,1836.33,1836.33,1835.93,1836.08,41,0,190
2020.12.10,19:25:00,1836.08,1836.24,1835.94,1836.04,31,0,140
2020.12.10,19:26:00,1836.04,1836.04,1835.81,1835.84,11,0,180
2020.12.10,19:27:00,1835.92,1836.05,1835.84,1835.93,22,0,180
2020.12.10,19:28:00,1835.9,1835.9,1835.23,1835.32,45,0,140
2020.12.10,19:29:00,1835.32,1835.58,1835.31,1835.56,32,0,170
2020.12.10,19:30:00,1835.57,1835.79,1835.46,1835.79,39,0,170
2020.12.10,19:31:00,1835.77,1835.77,1835.27,1835.36,56,0,140
2020.12.10,19:32:00,1835.35,1835.46,1834.86,1835.04,73,0,140
2020.12.10,19:33:00,1835.04,1835.05,1834.5,1834.52,74,0,140
2020.12.10,19:34:00,1834.5,1834.87,1834.5,1834.81,56,0,150
2020.12.10,19:35:00,1834.81,1834.81,1834.56,1834.57,43,0,140
2020.12.10,19:36:00,1834.52,1834.92,1834.43,1834.66,49,0,140
2020.12.10,19:37:00,1834.66,1835.06,1834.56,1834.8,65,0,140
2020.12.10,19:38:00,1834.8,1834.99,1833.91,1834,96,0,140
2020.12.10,19:39:00,1834,1834.23,1834,1834.19,43,0,140
2020.12.10,19:40:00,1834.19,1834.28,1833.25,1833.47,90,0,140
2020.12.10,19:41:00,1833.51,1833.51,1832.78,1833.18,120,0,140
2020.12.10,19:42:00,1833.18,1833.3,1832.89,1832.9,71,0,140
2020.12.10,19:43:00,1832.9,1833.16,1832.75,1832.92,79,0,140
2020.12.10,19:44:00,1832.92,1832.93,1832.15,1832.16,94,0,140
2020.12.10,19:45:00,1832.22,1832.44,1831.72,1832.1,120,0,140
2020.12.10,19:46:00,1832.1,1832.89,1832.1,1832.89,81,0,150
2020.12.10,19:47:00,1832.87,1833.07,1832.62,1832.77,91,0,140
2020.12.10,19:48:00,1832.77,1833.17,1832.66,1833.16,74,0,140
2020.12.10,19:49:00,1833.16,1833.16,1832.77,1832.92,106,0,140
2020.12.10,19:50:00,1832.9,1832.9,1832.29,1832.49,77,0,140
2020.12.10,19:51:00,1832.49,1832.718,1832.25,1832.5,57,0,142
2020.12.10,19:52:00,1832.5,1833.335,1832.5,1833.14,88,0,160
2020.12.10,19:53:00,1833.17,1833.32,1833.03,1833.29,49,0,150
2020.12.10,19:54:00,1833.29,1833.89,1833.27,1833.27,115,0,160
2020.12.10,19:55:00,1833.27,1833.42,1832.53,1832.57,100,0,140
2020.12.10,19:56:00,1832.57,1832.98,1832.43,1832.53,73,0,140
2020.12.10,19:57:00,1832.53,1832.67,1832.02,1832.02,152,0,140
2020.12.10,19:58:00,1832.03,1832.03,1831.03,1831.03,158,0,140
2020.12.10,19:59:00,1830.97,1831.12,1830.4,1830.58,171,0,150
2020.12.10,20:00:00,1830.58,1830.66,1830.24,1830.372,210,0,140
2020.12.10,20:01:00,1830.471,1830.68,1830.18,1830.42,213,0,140
2020.12.10,20:02:00,1830.39,1831.58,1830.26,1830.92,272,0,140
2020.12.10,20:03:00,1830.91,1831.43,1830.83,1831.27,223,0,150
2020.12.10,20:04:00,1831.27,1831.91,1831.26,1831.82,174,0,140
2020.12.10,20:05:00,1831.84,1831.99,1830.98,1830.98,139,0,160
2020.12.10,20:06:00,1830.98,1832.01,1830.8,1831.96,191,0,140
2020.12.10,20:07:00,1832,1832.36,1831.79,1832.13,151,0,200
2020.12.10,20:08:00,1832.14,1832.46,1831.94,1832.2,122,0,200
2020.12.10,20:09:00,1832.21,1833.1,1832.2,1833.01,162,0,140
2020.12.10,20:10:00,1833,1833.08,1832.63,1832.7,170,0,140
2020.12.10,20:11:00,1832.7,1833.26,1832.51,1833.11,152,0,190
2020.12.10,20:12:00,1833.11,1833.29,1832.99,1833.06,91,0,170
2020.12.10,20:13:00,1833.08,1834.03,1833.08,1833.92,121,0,150
2020.12.10,20:14:00,1833.92,1834.18,1833.75,1834.18,96,0,190
2020.12.10,20:15:00,1834.2,1834.71,1834.02,1834.36,78,0,140
2020.12.10,20:16:00,1834.36,1834.37,1834.05,1834.07,52,0,170
2020.12.10,20:17:00,1834.1,1834.16,1833.79,1833.88,67,0,190
2020.12.10,20:18:00,1833.88,1834.28,1833.88,1833.99,73,0,150
2020.12.10,20:19:00,1833.99,1834.19,1833.73,1833.91,86,0,150
2020.12.10,20:20:00,1833.91,1834.01,1833.76,1833.83,85,0,150
2020.12.10,20:21:00,1833.83,1834.148,1833.71,1833.88,87,0,140
2020.12.10,20:22:00,1833.87,1834.61,1833.81,1834.49,112,0,170
2020.12.10,20:23:00,1834.48,1834.53,1834.27,1834.27,108,0,190
2020.12.10,20:24:00,1834.27,1834.38,1834.16,1834.24,112,0,150
2020.12.10,20:25:00,1834.24,1834.31,1833.58,1834.11,129,0,150
2020.12.10,20:26:00,1834.11,1834.47,1834.1,1834.2,121,0,190
2020.12.10,20:27:00,1834.2,1834.38,1834.02,1834.14,103,0,220
2020.12.10,20:28:00,1834.17,1834.45,1834.16,1834.23,130,0,200
2020.12.10,20:29:00,1834.25,1834.37,1833.52,1833.7,182,0,140
2020.12.10,20:30:00,1833.71,1834.29,1833.69,1834.22,102,0,140
2020.12.10,20:31:00,1834.22,1834.22,1833.68,1833.95,65,0,170
2020.12.10,20:32:00,1833.95,1833.95,1833.69,1833.78,63,0,170
2020.12.10,20:33:00,1833.77,1834.01,1833.62,1833.63,45,0,170
2020.12.10,20:34:00,1833.63,1833.83,1833.53,1833.82,51,0,170
2020.12.10,20:35:00,1833.77,1834.22,1833.65,1834.21,61,0,160
2020.12.10,20:36:00,1834.23,1834.4,1833.95,1834.13,66,0,140
2020.12.10,20:37:00,1834.13,1834.4,1834.13,1834.26,62,0,210
2020.12.10,20:38:00,1834.23,1834.57,1834.22,1834.38,99,0,200
2020.12.10,20:39:00,1834.38,1834.48,1834.17,1834.4,64,0,220
2020.12.10,20:40:00,1834.4,1834.98,1834.4,1834.73,78,0,160
2020.12.10,20:41:00,1834.73,1835.06,1834.71,1834.81,56,0,210
2020.12.10,20:42:00,1834.87,1835.11,1834.71,1835.02,65,0,160
2020.12.10,20:43:00,1835.02,1835.28,1834.92,1835.06,58,0,140
2020.12.10,20:44:00,1835.06,1835.11,1834.57,1834.57,57,0,180
2020.12.10,20:45:00,1834.57,1834.78,1834.55,1834.62,104,0,230
2020.12.10,20:46:00,1834.62,1834.84,1834.57,1834.68,63,0,190
2020.12.10,20:47:00,1834.68,1834.74,1834.58,1834.61,91,0,240
2020.12.10,20:48:00,1834.61,1834.66,1834.49,1834.64,47,0,220
2020.12.10,20:49:00,1834.64,1834.66,1834.29,1834.3,58,0,170
2020.12.10,20:50:00,1834.25,1834.29,1833.22,1833.27,122,0,190
2020.12.10,20:51:00,1833.23,1833.7,1833.23,1833.47,78,0,210
2020.12.10,20:52:00,1833.45,1833.54,1833.42,1833.43,56,0,210
2020.12.10,20:53:00,1833.43,1833.5,1833.27,1833.5,64,0,180
2020.12.10,20:54:00,1833.51,1833.64,1833.32,1833.45,61,0,220
2020.12.10,20:55:00,1833.48,1833.58,1833.37,1833.54,76,0,210
2020.12.10,20:56:00,1833.55,1833.55,1833.39,1833.5,85,0,200
2020.12.10,20:57:00,1833.5,1833.7,1833.43,1833.5,102,0,190
2020.12.10,20:58:00,1833.5,1833.51,1833.36,1833.46,50,0,210
2020.12.10,20:59:00,1833.46,1833.76,1833.39,1833.61,102,0,170
2020.12.10,21:00:00,1833.61,1833.71,1833.27,1833.68,98,0,190
2020.12.10,21:01:00,1833.68,1833.7,1833.3,1833.34,87,0,200
2020.12.10,21:02:00,1833.34,1833.46,1833.24,1833.46,75,0,180
2020.12.10,21:03:00,1833.48,1833.66,1833.13,1833.15,71,0,210
2020.12.10,21:04:00,1833.14,1834.08,1833.12,1834.01,98,0,140
2020.12.10,21:05:00,1834.01,1834.09,1833.91,1833.95,60,0,140
2020.12.10,21:06:00,1833.96,1834.35,1833.31,1833.31,81,0,140
2020.12.10,21:07:00,1833.31,1833.54,1832.67,1832.67,111,0,142
2020.12.10,21:08:00,1832.56,1832.66,1832.02,1832.24,129,0,159
2020.12.10,21:09:00,1832.24,1833.09,1832.18,1833.09,58,0,170
2020.12.10,21:10:00,1833.05,1833.11,1832.76,1832.82,42,0,190
2020.12.10,21:11:00,1832.82,1833.34,1832.82,1833.14,33,0,180
2020.12.10,21:12:00,1833.14,1833.44,1833.09,1833.39,22,0,180
2020.12.10,21:13:00,1833.39,1833.64,1833.24,1833.49,36,0,160
